EP,EP2_ID,Max_Similarity
bindService_ActivityManagerService_9,stopService_ActivityManagerService_5,0.8773
sendIdleJobTrigger_ActivityManagerService_1,No similar EPs,
startService_ActivityManagerService_7,No similar EPs,
updateConfiguration_ActivityManagerService_2,updatePersistentConfiguration_ActivityManagerService_2,0.8456
getProcessMemoryInfo_ActivityManagerService_2,crashApplication_ActivityManagerService_7,0.8654
getProcessMemoryInfo_ActivityManagerService_2,killPids_ActivityManagerService_4,0.8632
getProcessMemoryInfo_ActivityManagerService_2,addPackageDependency_ActivityManagerService_2,0.8104
getProcessMemoryInfo_ActivityManagerService_2,attachApplication_ActivityManagerService_3,0.8055
getProcessMemoryInfo_ActivityManagerService_2,killPackageDependents_ActivityManagerService_3,0.8031
bindIsolatedService_ActivityManagerService_10,peekService_ActivityManagerService_4,0.8148
bindIsolatedService_ActivityManagerService_10,finishReceiver_ActivityManagerService_7,0.8134
stopService_ActivityManagerService_5,peekService_ActivityManagerService_4,0.9515
stopService_ActivityManagerService_5,bindService_ActivityManagerService_9,0.8773
stopService_ActivityManagerService_5,getServices_ActivityManagerService_3,0.8291
stopService_ActivityManagerService_5,updateServiceGroup_ActivityManagerService_4,0.8014
moveTaskToStack_ActivityManagerService_4,isTopActivityImmersive_ActivityManagerService_1,0.8101
moveTaskToStack_ActivityManagerService_4,finishActivity_ActivityManagerService_5,0.8097
getProcessPss_ActivityManagerService_2,No similar EPs,
setServiceForeground_ActivityManagerService_7,No similar EPs,
broadcastIntent_ActivityManagerService_14,No similar EPs,
peekService_ActivityManagerService_4,stopService_ActivityManagerService_5,0.9515
peekService_ActivityManagerService_4,bindIsolatedService_ActivityManagerService_10,0.8148
peekService_ActivityManagerService_4,setPackageScreenCompatMode_ActivityManagerService_3,0.8144
peekService_ActivityManagerService_4,getRunningAppProcesses_ActivityManagerService_1,0.8137
getContentProvider_ActivityManagerService_6,openContentUri_ActivityManagerService_2,0.8142
bootAnimationComplete_ActivityManagerService_1,No similar EPs,
makePackageIdle_ActivityManagerService_3,No similar EPs,
sendIntentSender_ActivityManagerService_9,getIntentSender_ActivityManagerService_11,0.8688
sendIntentSender_ActivityManagerService_9,isIntentSenderAForegroundService_ActivityManagerService_2,0.8463
sendIntentSender_ActivityManagerService_9,getIntentForIntentSender_ActivityManagerService_2,0.8415
sendIntentSender_ActivityManagerService_9,isIntentSenderTargetedToPackage_ActivityManagerService_2,0.8388
sendIntentSender_ActivityManagerService_9,isIntentSenderAnActivity_ActivityManagerService_2,0.8368
sendIntentSender_ActivityManagerService_9,isIntentSenderABroadcast_ActivityManagerService_2,0.8331
sendIntentSender_ActivityManagerService_9,unregisterIntentSenderCancelListener_ActivityManagerService_3,0.8105
performIdleMaintenance_ActivityManagerService_1,getPackageProcessState_ActivityManagerService_3,0.9190
performIdleMaintenance_ActivityManagerService_1,getProcessesInErrorState_ActivityManagerService_1,0.9063
performIdleMaintenance_ActivityManagerService_1,bindBackupAgent_ActivityManagerService_4,0.8166
performIdleMaintenance_ActivityManagerService_1,killUid_ActivityManagerService_4,0.8116
performIdleMaintenance_ActivityManagerService_1,clearApplicationUserData_ActivityManagerService_5,0.8006
getRunningAppProcesses_ActivityManagerService_1,getRunningExternalApplications_ActivityManagerService_1,0.9863
getRunningAppProcesses_ActivityManagerService_1,getMyMemoryState_ActivityManagerService_2,0.8614
getRunningAppProcesses_ActivityManagerService_1,peekService_ActivityManagerService_4,0.8137
unregisterReceiver_ActivityManagerService_2,finishReceiver_ActivityManagerService_7,0.9240
handleApplicationCrash_ActivityManagerService_3,handleApplicationWtf_ActivityManagerService_5,0.9577
handleApplicationCrash_ActivityManagerService_3,killProcessesBelowForeground_ActivityManagerService_2,0.9372
handleApplicationCrash_ActivityManagerService_3,attachApplication_ActivityManagerService_3,0.8021
unbindFinished_ActivityManagerService_4,serviceDoneExecuting_ActivityManagerService_5,0.9121
unbindFinished_ActivityManagerService_4,updateServiceGroup_ActivityManagerService_4,0.8044
showBootMessage_ActivityManagerService_3,No similar EPs,
getMyMemoryState_ActivityManagerService_2,unbindBackupAgent_ActivityManagerService_2,0.9110
getMyMemoryState_ActivityManagerService_2,getRunningAppProcesses_ActivityManagerService_1,0.8614
getMyMemoryState_ActivityManagerService_2,setProcessImportant_ActivityManagerService_5,0.8431
unstableProviderDied_ActivityManagerService_2,killProcessesBelowForeground_ActivityManagerService_2,0.9006
unstableProviderDied_ActivityManagerService_2,killApplicationProcess_ActivityManagerService_3,0.8711
finishReceiver_ActivityManagerService_7,unregisterReceiver_ActivityManagerService_2,0.9240
finishReceiver_ActivityManagerService_7,bindIsolatedService_ActivityManagerService_10,0.8134
getRunningExternalApplications_ActivityManagerService_1,getRunningAppProcesses_ActivityManagerService_1,0.9863
getProviderMimeType_ActivityManagerService_3,getContentProviderExternal_ActivityManagerService_5,0.8957
setFocusedStack_ActivityManagerService_2,getFocusedStackInfo_ActivityManagerService_1,0.8541
setFocusedStack_ActivityManagerService_2,positionTaskInStack_ActivityManagerService_4,0.8021
getContentProviderExternal_ActivityManagerService_5,getProviderMimeType_ActivityManagerService_3,0.8957
getContentProviderExternal_ActivityManagerService_5,setProcessMemoryTrimLevel_ActivityManagerService_4,0.8577
getContentProviderExternal_ActivityManagerService_5,dumpHeap_ActivityManagerService_9,0.8184
getContentProviderExternal_ActivityManagerService_5,registerReceiver_ActivityManagerService_8,0.8178
getServices_ActivityManagerService_3,stopService_ActivityManagerService_5,0.8291
getServices_ActivityManagerService_3,stopServiceToken_ActivityManagerService_4,0.8012
moveTaskToFront_ActivityManagerService_6,startActivityAsUser_ActivityManagerService_12,0.8090
moveTaskToFront_ActivityManagerService_6,getConfiguration_ActivityManagerService_1,0.8084
getRecentTasks_ActivityManagerService_4,No similar EPs,
setProcessImportant_ActivityManagerService_5,getMyMemoryState_ActivityManagerService_2,0.8431
setProcessImportant_ActivityManagerService_5,unbindBackupAgent_ActivityManagerService_2,0.8171
forceStopPackage_ActivityManagerService_3,clearApplicationUserData_ActivityManagerService_5,0.8353
openContentUri_ActivityManagerService_2,removeContentProviderExternal_ActivityManagerService_3,0.9322
openContentUri_ActivityManagerService_2,removeContentProviderExternalAsUser_ActivityManagerService_4,0.8356
openContentUri_ActivityManagerService_2,getContentProvider_ActivityManagerService_6,0.8142
clearApplicationUserData_ActivityManagerService_5,killUid_ActivityManagerService_4,0.9527
clearApplicationUserData_ActivityManagerService_5,killBackgroundProcesses_ActivityManagerService_3,0.9152
clearApplicationUserData_ActivityManagerService_5,killPackageDependents_ActivityManagerService_3,0.9115
clearApplicationUserData_ActivityManagerService_5,killAllBackgroundProcesses_ActivityManagerService_1,0.8756
clearApplicationUserData_ActivityManagerService_5,forceStopPackage_ActivityManagerService_3,0.8353
clearApplicationUserData_ActivityManagerService_5,performIdleMaintenance_ActivityManagerService_1,0.8006
startUserInBackground_ActivityManagerService_2,startUserInForegroundWithListener_ActivityManagerService_3,0.9528
startUserInBackground_ActivityManagerService_2,startUserInBackgroundWithListener_ActivityManagerService_3,0.8482
startUserInBackground_ActivityManagerService_2,switchUser_ActivityManagerService_2,0.8283
startUserInBackground_ActivityManagerService_2,handleIncomingUser_ActivityManagerService_8,0.8219
startUserInBackground_ActivityManagerService_2,dumpHeap_ActivityManagerService_9,0.8201
startUserInBackground_ActivityManagerService_2,restartUserInBackground_ActivityManagerService_2,0.8078
killApplicationProcess_ActivityManagerService_3,unstableProviderDied_ActivityManagerService_2,0.8711
killApplicationProcess_ActivityManagerService_3,killProcessesBelowForeground_ActivityManagerService_2,0.8429
startRecentsActivity_ActivityManagerService_4,startActivityFromRecents_ActivityManagerService_3,0.8337
bindBackupAgent_ActivityManagerService_4,getPackageProcessState_ActivityManagerService_3,0.8321
bindBackupAgent_ActivityManagerService_4,performIdleMaintenance_ActivityManagerService_1,0.8166
bindBackupAgent_ActivityManagerService_4,killUid_ActivityManagerService_4,0.8100
updateLockTaskPackages_ActivityManagerService_3,startSystemLockTaskMode_ActivityManagerService_2,0.8470
getIntentSender_ActivityManagerService_11,sendIntentSender_ActivityManagerService_9,0.8688
getIntentSender_ActivityManagerService_11,cancelIntentSender_ActivityManagerService_2,0.8434
getIntentSender_ActivityManagerService_11,registerIntentSenderCancelListener_ActivityManagerService_3,0.8388
resizeStack_ActivityManagerService_7,resizeDockedStack_ActivityManagerService_6,0.8571
resizeStack_ActivityManagerService_7,resizeTask_ActivityManagerService_4,0.8382
setDebugApp_ActivityManagerService_4,addInstrumentationResults_ActivityManagerService_3,0.8015
positionTaskInStack_ActivityManagerService_4,resizeTask_ActivityManagerService_4,0.8271
positionTaskInStack_ActivityManagerService_4,setFocusedStack_ActivityManagerService_2,0.8021
killBackgroundProcesses_ActivityManagerService_3,killUid_ActivityManagerService_4,0.9379
killBackgroundProcesses_ActivityManagerService_3,clearApplicationUserData_ActivityManagerService_5,0.9152
killBackgroundProcesses_ActivityManagerService_3,killPackageDependents_ActivityManagerService_3,0.9115
killBackgroundProcesses_ActivityManagerService_3,killAllBackgroundProcesses_ActivityManagerService_1,0.8885
startActivityFromRecents_ActivityManagerService_3,startRecentsActivity_ActivityManagerService_4,0.8337
startActivityFromRecents_ActivityManagerService_3,startActivity_ActivityManagerService_11,0.8236
killProcessesBelowForeground_ActivityManagerService_2,handleApplicationCrash_ActivityManagerService_3,0.9372
killProcessesBelowForeground_ActivityManagerService_2,handleApplicationWtf_ActivityManagerService_5,0.9293
killProcessesBelowForeground_ActivityManagerService_2,unstableProviderDied_ActivityManagerService_2,0.9006
killProcessesBelowForeground_ActivityManagerService_2,killApplicationProcess_ActivityManagerService_3,0.8429
killProcessesBelowForeground_ActivityManagerService_2,attachApplication_ActivityManagerService_3,0.8185
moveTopActivityToPinnedStack_ActivityManagerService_3,No similar EPs,
resizeDockedStack_ActivityManagerService_6,resizeStack_ActivityManagerService_7,0.8571
resizeDockedStack_ActivityManagerService_6,resizeTask_ActivityManagerService_4,0.8304
moveActivityTaskToBack_ActivityManagerService_3,No similar EPs,
getAllStackInfos_ActivityManagerService_1,No similar EPs,
setHasTopUi_ActivityManagerService_2,No similar EPs,
startUserInBackgroundWithListener_ActivityManagerService_3,startUserInForegroundWithListener_ActivityManagerService_3,0.9187
startUserInBackgroundWithListener_ActivityManagerService_3,stopUser_ActivityManagerService_4,0.8903
startUserInBackgroundWithListener_ActivityManagerService_3,startUserInBackground_ActivityManagerService_2,0.8482
startUserInBackgroundWithListener_ActivityManagerService_3,restartUserInBackground_ActivityManagerService_2,0.8181
handleApplicationWtf_ActivityManagerService_5,handleApplicationCrash_ActivityManagerService_3,0.9577
handleApplicationWtf_ActivityManagerService_5,killProcessesBelowForeground_ActivityManagerService_2,0.9293
handleApplicationWtf_ActivityManagerService_5,attachApplication_ActivityManagerService_3,0.8036
killPids_ActivityManagerService_4,getProcessMemoryInfo_ActivityManagerService_2,0.8632
startUserInForegroundWithListener_ActivityManagerService_3,startUserInBackground_ActivityManagerService_2,0.9528
startUserInForegroundWithListener_ActivityManagerService_3,startUserInBackgroundWithListener_ActivityManagerService_3,0.9187
startUserInForegroundWithListener_ActivityManagerService_3,switchUser_ActivityManagerService_2,0.8215
startUserInForegroundWithListener_ActivityManagerService_3,handleIncomingUser_ActivityManagerService_8,0.8116
startUserInForegroundWithListener_ActivityManagerService_3,dumpHeap_ActivityManagerService_9,0.8055
unbindBackupAgent_ActivityManagerService_2,getMyMemoryState_ActivityManagerService_2,0.9110
unbindBackupAgent_ActivityManagerService_2,setProcessImportant_ActivityManagerService_5,0.8171
killPackageDependents_ActivityManagerService_3,killUid_ActivityManagerService_4,0.9153
killPackageDependents_ActivityManagerService_3,killBackgroundProcesses_ActivityManagerService_3,0.9115
killPackageDependents_ActivityManagerService_3,clearApplicationUserData_ActivityManagerService_5,0.9115
killPackageDependents_ActivityManagerService_3,killAllBackgroundProcesses_ActivityManagerService_1,0.9005
killPackageDependents_ActivityManagerService_3,crashApplication_ActivityManagerService_7,0.8446
killPackageDependents_ActivityManagerService_3,getProcessMemoryInfo_ActivityManagerService_2,0.8031
startDelegateShellPermissionIdentity_ActivityManagerService_3,No similar EPs,
removeContentProvider_ActivityManagerService_3,No similar EPs,
resizeTask_ActivityManagerService_4,finishActivity_ActivityManagerService_5,0.8504
resizeTask_ActivityManagerService_4,resizeStack_ActivityManagerService_7,0.8382
resizeTask_ActivityManagerService_4,resizeDockedStack_ActivityManagerService_6,0.8304
resizeTask_ActivityManagerService_4,positionTaskInStack_ActivityManagerService_4,0.8271
resizeTask_ActivityManagerService_4,startSystemLockTaskMode_ActivityManagerService_2,0.8230
publishContentProviders_ActivityManagerService_3,No similar EPs,
profileControl_ActivityManagerService_6,No similar EPs,
unlockUser_ActivityManagerService_5,No similar EPs,
startInstrumentation_ActivityManagerService_9,No similar EPs,
killUid_ActivityManagerService_4,clearApplicationUserData_ActivityManagerService_5,0.9527
killUid_ActivityManagerService_4,killBackgroundProcesses_ActivityManagerService_3,0.9379
killUid_ActivityManagerService_4,killPackageDependents_ActivityManagerService_3,0.9153
killUid_ActivityManagerService_4,killAllBackgroundProcesses_ActivityManagerService_1,0.9114
killUid_ActivityManagerService_4,performIdleMaintenance_ActivityManagerService_1,0.8116
killUid_ActivityManagerService_4,bindBackupAgent_ActivityManagerService_4,0.8100
shutdown_ActivityManagerService_2,No similar EPs,
killAllBackgroundProcesses_ActivityManagerService_1,killUid_ActivityManagerService_4,0.9114
killAllBackgroundProcesses_ActivityManagerService_1,killPackageDependents_ActivityManagerService_3,0.9005
killAllBackgroundProcesses_ActivityManagerService_1,killBackgroundProcesses_ActivityManagerService_3,0.8885
killAllBackgroundProcesses_ActivityManagerService_1,clearApplicationUserData_ActivityManagerService_5,0.8756
unbroadcastIntent_ActivityManagerService_4,registerReceiver_ActivityManagerService_8,0.8263
removeContentProviderExternal_ActivityManagerService_3,openContentUri_ActivityManagerService_2,0.9322
removeContentProviderExternal_ActivityManagerService_3,removeContentProviderExternalAsUser_ActivityManagerService_4,0.9239
cancelIntentSender_ActivityManagerService_2,registerIntentSenderCancelListener_ActivityManagerService_3,0.8901
cancelIntentSender_ActivityManagerService_2,getIntentSender_ActivityManagerService_11,0.8434
cancelIntentSender_ActivityManagerService_2,unregisterIntentSenderCancelListener_ActivityManagerService_3,0.8225
removeContentProviderExternalAsUser_ActivityManagerService_4,removeContentProviderExternal_ActivityManagerService_3,0.9239
removeContentProviderExternalAsUser_ActivityManagerService_4,openContentUri_ActivityManagerService_2,0.8356
removeContentProviderExternalAsUser_ActivityManagerService_4,appNotRespondingViaProvider_ActivityManagerService_2,0.8079
getTaskBounds_ActivityManagerService_2,setTaskResizeable_ActivityManagerService_3,0.8793
getTaskBounds_ActivityManagerService_2,cancelTaskWindowTransition_ActivityManagerService_2,0.8108
startActivityAsUser_ActivityManagerService_12,startActivity_ActivityManagerService_11,0.8887
startActivityAsUser_ActivityManagerService_12,startSystemLockTaskMode_ActivityManagerService_2,0.8427
startActivityAsUser_ActivityManagerService_12,moveTaskToFront_ActivityManagerService_6,0.8090
getFilteredTasks_ActivityManagerService_4,getTasks_ActivityManagerService_2,0.9729
scheduleApplicationInfoChanged_ActivityManagerService_3,No similar EPs,
registerReceiver_ActivityManagerService_8,dumpHeap_ActivityManagerService_9,0.9439
registerReceiver_ActivityManagerService_8,handleIncomingUser_ActivityManagerService_8,0.9187
registerReceiver_ActivityManagerService_8,unbroadcastIntent_ActivityManagerService_4,0.8263
registerReceiver_ActivityManagerService_8,getContentProviderExternal_ActivityManagerService_5,0.8178
updatePersistentConfiguration_ActivityManagerService_2,updateConfiguration_ActivityManagerService_2,0.8456
startSystemLockTaskMode_ActivityManagerService_2,updateLockTaskPackages_ActivityManagerService_3,0.8470
startSystemLockTaskMode_ActivityManagerService_2,startActivityAsUser_ActivityManagerService_12,0.8427
startSystemLockTaskMode_ActivityManagerService_2,resizeTask_ActivityManagerService_4,0.8230
startActivity_ActivityManagerService_11,startActivityAsUser_ActivityManagerService_12,0.8887
startActivity_ActivityManagerService_11,startActivityFromRecents_ActivityManagerService_3,0.8236
dumpHeap_ActivityManagerService_9,handleIncomingUser_ActivityManagerService_8,0.9769
dumpHeap_ActivityManagerService_9,registerReceiver_ActivityManagerService_8,0.9439
dumpHeap_ActivityManagerService_9,startUserInBackground_ActivityManagerService_2,0.8201
dumpHeap_ActivityManagerService_9,getContentProviderExternal_ActivityManagerService_5,0.8184
dumpHeap_ActivityManagerService_9,startUserInForegroundWithListener_ActivityManagerService_3,0.8055
requestSystemServerHeapDump_ActivityManagerService_1,resumeAppSwitches_ActivityManagerService_1,0.8137
requestSystemServerHeapDump_ActivityManagerService_1,getLockTaskModeState_ActivityManagerService_1,0.8137
getTasks_ActivityManagerService_2,getFilteredTasks_ActivityManagerService_4,0.9729
grantUriPermission_ActivityManagerService_6,No similar EPs,
cancelTaskWindowTransition_ActivityManagerService_2,getTaskBounds_ActivityManagerService_2,0.8108
attachApplication_ActivityManagerService_3,addPackageDependency_ActivityManagerService_2,0.8221
attachApplication_ActivityManagerService_3,killProcessesBelowForeground_ActivityManagerService_2,0.8185
attachApplication_ActivityManagerService_3,crashApplication_ActivityManagerService_7,0.8166
attachApplication_ActivityManagerService_3,getProcessMemoryInfo_ActivityManagerService_2,0.8055
attachApplication_ActivityManagerService_3,handleApplicationWtf_ActivityManagerService_5,0.8036
attachApplication_ActivityManagerService_3,handleApplicationCrash_ActivityManagerService_3,0.8021
getProcessesInErrorState_ActivityManagerService_1,getPackageProcessState_ActivityManagerService_3,0.9598
getProcessesInErrorState_ActivityManagerService_1,performIdleMaintenance_ActivityManagerService_1,0.9063
stopUser_ActivityManagerService_4,startUserInBackgroundWithListener_ActivityManagerService_3,0.8903
stopUser_ActivityManagerService_4,restartUserInBackground_ActivityManagerService_2,0.8269
setAlwaysFinish_ActivityManagerService_2,No similar EPs,
removeStack_ActivityManagerService_2,removeTask_ActivityManagerService_2,0.8504
unhandledBack_ActivityManagerService_1,No similar EPs,
isAppStartModeDisabled_ActivityManagerService_3,getUidProcessState_ActivityManagerService_3,0.8135
getFocusedStackInfo_ActivityManagerService_1,setFocusedStack_ActivityManagerService_2,0.8541
revokeUriPermission_ActivityManagerService_6,addInstrumentationResults_ActivityManagerService_3,0.8486
revokeUriPermission_ActivityManagerService_6,serviceDoneExecuting_ActivityManagerService_5,0.8014
removeTask_ActivityManagerService_2,removeStack_ActivityManagerService_2,0.8504
publishService_ActivityManagerService_4,No similar EPs,
setProcessLimit_ActivityManagerService_2,No similar EPs,
registerUidObserver_ActivityManagerService_5,unregisterUidObserver_ActivityManagerService_2,0.9806
registerUidObserver_ActivityManagerService_5,backgroundWhitelistUid_ActivityManagerService_2,0.9803
registerUidObserver_ActivityManagerService_5,getLifeMonitor_ActivityManagerService_1,0.9306
registerUidObserver_ActivityManagerService_5,setDumpHeapDebugLimit_ActivityManagerService_5,0.9306
registerUidObserver_ActivityManagerService_5,setAgentApp_ActivityManagerService_3,0.9197
registerUidObserver_ActivityManagerService_5,signalPersistentProcesses_ActivityManagerService_2,0.9183
registerUidObserver_ActivityManagerService_5,unregisterProcessObserver_ActivityManagerService_2,0.9133
registerUidObserver_ActivityManagerService_5,setRenderThread_ActivityManagerService_2,0.8917
registerUidObserver_ActivityManagerService_5,setUserIsMonkey_ActivityManagerService_2,0.8825
registerUidObserver_ActivityManagerService_5,isUidActive_ActivityManagerService_3,0.8788
registerUidObserver_ActivityManagerService_5,getMemoryTrimLevel_ActivityManagerService_1,0.8769
registerUidObserver_ActivityManagerService_5,hang_ActivityManagerService_3,0.8547
registerUidObserver_ActivityManagerService_5,registerProcessObserver_ActivityManagerService_2,0.8344
registerUidObserver_ActivityManagerService_5,getProcessLimit_ActivityManagerService_1,0.8024
unbindService_ActivityManagerService_2,No similar EPs,
getLifeMonitor_ActivityManagerService_1,setDumpHeapDebugLimit_ActivityManagerService_5,1.0000
getLifeMonitor_ActivityManagerService_1,setUserIsMonkey_ActivityManagerService_2,0.9483
getLifeMonitor_ActivityManagerService_1,unregisterUidObserver_ActivityManagerService_2,0.9412
getLifeMonitor_ActivityManagerService_1,backgroundWhitelistUid_ActivityManagerService_2,0.9394
getLifeMonitor_ActivityManagerService_1,signalPersistentProcesses_ActivityManagerService_2,0.9358
getLifeMonitor_ActivityManagerService_1,registerUidObserver_ActivityManagerService_5,0.9306
getLifeMonitor_ActivityManagerService_1,isUidActive_ActivityManagerService_3,0.8856
getLifeMonitor_ActivityManagerService_1,getMemoryTrimLevel_ActivityManagerService_1,0.8806
getLifeMonitor_ActivityManagerService_1,setAgentApp_ActivityManagerService_3,0.8311
getLifeMonitor_ActivityManagerService_1,setRenderThread_ActivityManagerService_2,0.8125
getLifeMonitor_ActivityManagerService_1,unregisterProcessObserver_ActivityManagerService_2,0.8008
cancelRecentsAnimation_ActivityManagerService_2,No similar EPs,
setPersistentVrThread_ActivityManagerService_2,No similar EPs,
stopDelegateShellPermissionIdentity_ActivityManagerService_1,No similar EPs,
stopAppSwitches_ActivityManagerService_1,resumeAppSwitches_ActivityManagerService_1,0.8008
getTaskSnapshot_ActivityManagerService_3,No similar EPs,
getRunningServiceControlPanel_ActivityManagerService_2,No similar EPs,
registerProcessObserver_ActivityManagerService_2,dumpHeapFinished_ActivityManagerService_2,0.9185
registerProcessObserver_ActivityManagerService_2,hang_ActivityManagerService_3,0.8924
registerProcessObserver_ActivityManagerService_2,getForegroundServiceType_ActivityManagerService_3,0.8752
registerProcessObserver_ActivityManagerService_2,addPackageDependency_ActivityManagerService_2,0.8381
registerProcessObserver_ActivityManagerService_2,registerUidObserver_ActivityManagerService_5,0.8344
registerProcessObserver_ActivityManagerService_2,enterSafeMode_ActivityManagerService_1,0.8337
registerProcessObserver_ActivityManagerService_2,getUidProcessState_ActivityManagerService_3,0.8277
registerProcessObserver_ActivityManagerService_2,getProcessLimit_ActivityManagerService_1,0.8159
serviceDoneExecuting_ActivityManagerService_5,unbindFinished_ActivityManagerService_4,0.9121
serviceDoneExecuting_ActivityManagerService_5,updateServiceGroup_ActivityManagerService_4,0.8404
serviceDoneExecuting_ActivityManagerService_5,revokeUriPermission_ActivityManagerService_6,0.8014
stopServiceToken_ActivityManagerService_4,getServices_ActivityManagerService_3,0.8012
hang_ActivityManagerService_3,addPackageDependency_ActivityManagerService_2,0.9439
hang_ActivityManagerService_3,enterSafeMode_ActivityManagerService_1,0.9239
hang_ActivityManagerService_3,getForegroundServiceType_ActivityManagerService_3,0.9140
hang_ActivityManagerService_3,registerProcessObserver_ActivityManagerService_2,0.8924
hang_ActivityManagerService_3,dumpHeapFinished_ActivityManagerService_2,0.8888
hang_ActivityManagerService_3,getProcessLimit_ActivityManagerService_1,0.8575
hang_ActivityManagerService_3,registerUidObserver_ActivityManagerService_5,0.8547
hang_ActivityManagerService_3,unregisterProcessObserver_ActivityManagerService_2,0.8329
hang_ActivityManagerService_3,unregisterUidObserver_ActivityManagerService_2,0.8282
hang_ActivityManagerService_3,backgroundWhitelistUid_ActivityManagerService_2,0.8253
hang_ActivityManagerService_3,setAgentApp_ActivityManagerService_3,0.8202
hang_ActivityManagerService_3,setRenderThread_ActivityManagerService_2,0.8179
hang_ActivityManagerService_3,getUidProcessState_ActivityManagerService_3,0.8151
hang_ActivityManagerService_3,isUidActive_ActivityManagerService_3,0.8025
setPackageScreenCompatMode_ActivityManagerService_3,peekService_ActivityManagerService_4,0.8144
backgroundWhitelistUid_ActivityManagerService_2,unregisterUidObserver_ActivityManagerService_2,0.9989
backgroundWhitelistUid_ActivityManagerService_2,registerUidObserver_ActivityManagerService_5,0.9803
backgroundWhitelistUid_ActivityManagerService_2,getLifeMonitor_ActivityManagerService_1,0.9394
backgroundWhitelistUid_ActivityManagerService_2,setDumpHeapDebugLimit_ActivityManagerService_5,0.9394
backgroundWhitelistUid_ActivityManagerService_2,setAgentApp_ActivityManagerService_3,0.9059
backgroundWhitelistUid_ActivityManagerService_2,signalPersistentProcesses_ActivityManagerService_2,0.9006
backgroundWhitelistUid_ActivityManagerService_2,unregisterProcessObserver_ActivityManagerService_2,0.8946
backgroundWhitelistUid_ActivityManagerService_2,setUserIsMonkey_ActivityManagerService_2,0.8863
backgroundWhitelistUid_ActivityManagerService_2,setRenderThread_ActivityManagerService_2,0.8654
backgroundWhitelistUid_ActivityManagerService_2,isUidActive_ActivityManagerService_3,0.8544
backgroundWhitelistUid_ActivityManagerService_2,getMemoryTrimLevel_ActivityManagerService_1,0.8524
backgroundWhitelistUid_ActivityManagerService_2,hang_ActivityManagerService_3,0.8253
crashApplication_ActivityManagerService_7,getProcessMemoryInfo_ActivityManagerService_2,0.8654
crashApplication_ActivityManagerService_7,killPackageDependents_ActivityManagerService_3,0.8446
crashApplication_ActivityManagerService_7,attachApplication_ActivityManagerService_3,0.8166
backupAgentCreated_ActivityManagerService_4,No similar EPs,
isTopActivityImmersive_ActivityManagerService_1,finishActivity_ActivityManagerService_5,0.8556
isTopActivityImmersive_ActivityManagerService_1,moveTaskToStack_ActivityManagerService_4,0.8101
isTopActivityImmersive_ActivityManagerService_1,getTaskForActivity_ActivityManagerService_3,0.8023
getMemoryTrimLevel_ActivityManagerService_1,isUidActive_ActivityManagerService_3,0.9974
getMemoryTrimLevel_ActivityManagerService_1,signalPersistentProcesses_ActivityManagerService_2,0.9034
getMemoryTrimLevel_ActivityManagerService_1,setUserIsMonkey_ActivityManagerService_2,0.8913
getMemoryTrimLevel_ActivityManagerService_1,getLifeMonitor_ActivityManagerService_1,0.8806
getMemoryTrimLevel_ActivityManagerService_1,setDumpHeapDebugLimit_ActivityManagerService_5,0.8806
getMemoryTrimLevel_ActivityManagerService_1,registerUidObserver_ActivityManagerService_5,0.8769
getMemoryTrimLevel_ActivityManagerService_1,setAgentApp_ActivityManagerService_3,0.8709
getMemoryTrimLevel_ActivityManagerService_1,unregisterUidObserver_ActivityManagerService_2,0.8541
getMemoryTrimLevel_ActivityManagerService_1,backgroundWhitelistUid_ActivityManagerService_2,0.8524
getMemoryTrimLevel_ActivityManagerService_1,getUidProcessState_ActivityManagerService_3,0.8450
getMemoryTrimLevel_ActivityManagerService_1,unregisterProcessObserver_ActivityManagerService_2,0.8380
getMemoryTrimLevel_ActivityManagerService_1,setRenderThread_ActivityManagerService_2,0.8324
getMemoryTrimLevel_ActivityManagerService_1,getProcessLimit_ActivityManagerService_1,0.8024
setRenderThread_ActivityManagerService_2,unregisterProcessObserver_ActivityManagerService_2,0.9734
setRenderThread_ActivityManagerService_2,setAgentApp_ActivityManagerService_3,0.9632
setRenderThread_ActivityManagerService_2,registerUidObserver_ActivityManagerService_5,0.8917
setRenderThread_ActivityManagerService_2,backgroundWhitelistUid_ActivityManagerService_2,0.8654
setRenderThread_ActivityManagerService_2,unregisterUidObserver_ActivityManagerService_2,0.8625
setRenderThread_ActivityManagerService_2,signalPersistentProcesses_ActivityManagerService_2,0.8353
setRenderThread_ActivityManagerService_2,getMemoryTrimLevel_ActivityManagerService_1,0.8324
setRenderThread_ActivityManagerService_2,isUidActive_ActivityManagerService_3,0.8300
setRenderThread_ActivityManagerService_2,hang_ActivityManagerService_3,0.8179
setRenderThread_ActivityManagerService_2,getLifeMonitor_ActivityManagerService_1,0.8125
setRenderThread_ActivityManagerService_2,setDumpHeapDebugLimit_ActivityManagerService_5,0.8125
setRenderThread_ActivityManagerService_2,setUserIsMonkey_ActivityManagerService_2,0.8121
setRenderThread_ActivityManagerService_2,getForegroundServiceType_ActivityManagerService_3,0.8108
setRenderThread_ActivityManagerService_2,getProcessLimit_ActivityManagerService_1,0.8098
updateDeviceOwner_ActivityManagerService_2,No similar EPs,
getUidProcessState_ActivityManagerService_3,getMemoryTrimLevel_ActivityManagerService_1,0.8450
getUidProcessState_ActivityManagerService_3,isUidActive_ActivityManagerService_3,0.8434
getUidProcessState_ActivityManagerService_3,getForegroundServiceType_ActivityManagerService_3,0.8402
getUidProcessState_ActivityManagerService_3,registerProcessObserver_ActivityManagerService_2,0.8277
getUidProcessState_ActivityManagerService_3,getProcessLimit_ActivityManagerService_1,0.8261
getUidProcessState_ActivityManagerService_3,hang_ActivityManagerService_3,0.8151
getUidProcessState_ActivityManagerService_3,isAppStartModeDisabled_ActivityManagerService_3,0.8135
getUidProcessState_ActivityManagerService_3,signalPersistentProcesses_ActivityManagerService_2,0.8005
startBinderTracking_ActivityManagerService_1,No similar EPs,
suppressResizeConfigChanges_ActivityManagerService_2,resumeAppSwitches_ActivityManagerService_1,0.9425
suppressResizeConfigChanges_ActivityManagerService_2,getLockTaskModeState_ActivityManagerService_1,0.9425
setActivityController_ActivityManagerService_3,No similar EPs,
getPackageProcessState_ActivityManagerService_3,getProcessesInErrorState_ActivityManagerService_1,0.9598
getPackageProcessState_ActivityManagerService_3,performIdleMaintenance_ActivityManagerService_1,0.9190
getPackageProcessState_ActivityManagerService_3,bindBackupAgent_ActivityManagerService_4,0.8321
setDumpHeapDebugLimit_ActivityManagerService_5,getLifeMonitor_ActivityManagerService_1,1.0000
setDumpHeapDebugLimit_ActivityManagerService_5,setUserIsMonkey_ActivityManagerService_2,0.9483
setDumpHeapDebugLimit_ActivityManagerService_5,unregisterUidObserver_ActivityManagerService_2,0.9412
setDumpHeapDebugLimit_ActivityManagerService_5,backgroundWhitelistUid_ActivityManagerService_2,0.9394
setDumpHeapDebugLimit_ActivityManagerService_5,signalPersistentProcesses_ActivityManagerService_2,0.9358
setDumpHeapDebugLimit_ActivityManagerService_5,registerUidObserver_ActivityManagerService_5,0.9306
setDumpHeapDebugLimit_ActivityManagerService_5,isUidActive_ActivityManagerService_3,0.8856
setDumpHeapDebugLimit_ActivityManagerService_5,getMemoryTrimLevel_ActivityManagerService_1,0.8806
setDumpHeapDebugLimit_ActivityManagerService_5,setAgentApp_ActivityManagerService_3,0.8311
setDumpHeapDebugLimit_ActivityManagerService_5,setRenderThread_ActivityManagerService_2,0.8125
setDumpHeapDebugLimit_ActivityManagerService_5,unregisterProcessObserver_ActivityManagerService_2,0.8008
setAgentApp_ActivityManagerService_3,setRenderThread_ActivityManagerService_2,0.9632
setAgentApp_ActivityManagerService_3,unregisterProcessObserver_ActivityManagerService_2,0.9520
setAgentApp_ActivityManagerService_3,registerUidObserver_ActivityManagerService_5,0.9197
setAgentApp_ActivityManagerService_3,backgroundWhitelistUid_ActivityManagerService_2,0.9059
setAgentApp_ActivityManagerService_3,unregisterUidObserver_ActivityManagerService_2,0.9023
setAgentApp_ActivityManagerService_3,signalPersistentProcesses_ActivityManagerService_2,0.8916
setAgentApp_ActivityManagerService_3,getMemoryTrimLevel_ActivityManagerService_1,0.8709
setAgentApp_ActivityManagerService_3,isUidActive_ActivityManagerService_3,0.8660
setAgentApp_ActivityManagerService_3,getLifeMonitor_ActivityManagerService_1,0.8311
setAgentApp_ActivityManagerService_3,setDumpHeapDebugLimit_ActivityManagerService_5,0.8311
setAgentApp_ActivityManagerService_3,hang_ActivityManagerService_3,0.8202
setAgentApp_ActivityManagerService_3,getProcessLimit_ActivityManagerService_1,0.8141
addPackageDependency_ActivityManagerService_2,enterSafeMode_ActivityManagerService_1,0.9815
addPackageDependency_ActivityManagerService_2,hang_ActivityManagerService_3,0.9439
addPackageDependency_ActivityManagerService_2,dumpHeapFinished_ActivityManagerService_2,0.8948
addPackageDependency_ActivityManagerService_2,getForegroundServiceType_ActivityManagerService_3,0.8818
addPackageDependency_ActivityManagerService_2,registerProcessObserver_ActivityManagerService_2,0.8381
addPackageDependency_ActivityManagerService_2,attachApplication_ActivityManagerService_3,0.8221
addPackageDependency_ActivityManagerService_2,getProcessMemoryInfo_ActivityManagerService_2,0.8104
addPackageDependency_ActivityManagerService_2,getProcessLimit_ActivityManagerService_1,0.8010
isUidActive_ActivityManagerService_3,getMemoryTrimLevel_ActivityManagerService_1,0.9974
isUidActive_ActivityManagerService_3,signalPersistentProcesses_ActivityManagerService_2,0.9008
isUidActive_ActivityManagerService_3,setUserIsMonkey_ActivityManagerService_2,0.8919
isUidActive_ActivityManagerService_3,getLifeMonitor_ActivityManagerService_1,0.8856
isUidActive_ActivityManagerService_3,setDumpHeapDebugLimit_ActivityManagerService_5,0.8856
isUidActive_ActivityManagerService_3,registerUidObserver_ActivityManagerService_5,0.8788
isUidActive_ActivityManagerService_3,setAgentApp_ActivityManagerService_3,0.8660
isUidActive_ActivityManagerService_3,unregisterUidObserver_ActivityManagerService_2,0.8579
isUidActive_ActivityManagerService_3,backgroundWhitelistUid_ActivityManagerService_2,0.8544
isUidActive_ActivityManagerService_3,getUidProcessState_ActivityManagerService_3,0.8434
isUidActive_ActivityManagerService_3,unregisterProcessObserver_ActivityManagerService_2,0.8380
isUidActive_ActivityManagerService_3,setRenderThread_ActivityManagerService_2,0.8300
isUidActive_ActivityManagerService_3,hang_ActivityManagerService_3,0.8025
switchUser_ActivityManagerService_2,startUserInBackground_ActivityManagerService_2,0.8283
switchUser_ActivityManagerService_2,startUserInForegroundWithListener_ActivityManagerService_3,0.8215
signalPersistentProcesses_ActivityManagerService_2,getLifeMonitor_ActivityManagerService_1,0.9358
signalPersistentProcesses_ActivityManagerService_2,setDumpHeapDebugLimit_ActivityManagerService_5,0.9358
signalPersistentProcesses_ActivityManagerService_2,setUserIsMonkey_ActivityManagerService_2,0.9200
signalPersistentProcesses_ActivityManagerService_2,registerUidObserver_ActivityManagerService_5,0.9183
signalPersistentProcesses_ActivityManagerService_2,getMemoryTrimLevel_ActivityManagerService_1,0.9034
signalPersistentProcesses_ActivityManagerService_2,isUidActive_ActivityManagerService_3,0.9008
signalPersistentProcesses_ActivityManagerService_2,backgroundWhitelistUid_ActivityManagerService_2,0.9006
signalPersistentProcesses_ActivityManagerService_2,unregisterUidObserver_ActivityManagerService_2,0.8986
signalPersistentProcesses_ActivityManagerService_2,setAgentApp_ActivityManagerService_3,0.8916
signalPersistentProcesses_ActivityManagerService_2,setRenderThread_ActivityManagerService_2,0.8353
signalPersistentProcesses_ActivityManagerService_2,unregisterProcessObserver_ActivityManagerService_2,0.8142
signalPersistentProcesses_ActivityManagerService_2,getUidProcessState_ActivityManagerService_3,0.8005
restartUserInBackground_ActivityManagerService_2,stopUser_ActivityManagerService_4,0.8269
restartUserInBackground_ActivityManagerService_2,startUserInBackgroundWithListener_ActivityManagerService_3,0.8181
restartUserInBackground_ActivityManagerService_2,startUserInBackground_ActivityManagerService_2,0.8078
finishInstrumentation_ActivityManagerService_4,No similar EPs,
resumeAppSwitches_ActivityManagerService_1,getLockTaskModeState_ActivityManagerService_1,1.0000
resumeAppSwitches_ActivityManagerService_1,suppressResizeConfigChanges_ActivityManagerService_2,0.9425
resumeAppSwitches_ActivityManagerService_1,requestSystemServerHeapDump_ActivityManagerService_1,0.8137
resumeAppSwitches_ActivityManagerService_1,stopAppSwitches_ActivityManagerService_1,0.8008
isUserAMonkey_ActivityManagerService_1,No similar EPs,
stopBinderTrackingAndDump_ActivityManagerService_2,No similar EPs,
checkUriPermission_ActivityManagerService_7,No similar EPs,
refContentProvider_ActivityManagerService_4,No similar EPs,
setProcessMemoryTrimLevel_ActivityManagerService_4,getContentProviderExternal_ActivityManagerService_5,0.8577
setUserIsMonkey_ActivityManagerService_2,getLifeMonitor_ActivityManagerService_1,0.9483
setUserIsMonkey_ActivityManagerService_2,setDumpHeapDebugLimit_ActivityManagerService_5,0.9483
setUserIsMonkey_ActivityManagerService_2,signalPersistentProcesses_ActivityManagerService_2,0.9200
setUserIsMonkey_ActivityManagerService_2,isUidActive_ActivityManagerService_3,0.8919
setUserIsMonkey_ActivityManagerService_2,getMemoryTrimLevel_ActivityManagerService_1,0.8913
setUserIsMonkey_ActivityManagerService_2,unregisterUidObserver_ActivityManagerService_2,0.8877
setUserIsMonkey_ActivityManagerService_2,backgroundWhitelistUid_ActivityManagerService_2,0.8863
setUserIsMonkey_ActivityManagerService_2,registerUidObserver_ActivityManagerService_5,0.8825
setUserIsMonkey_ActivityManagerService_2,setRenderThread_ActivityManagerService_2,0.8121
handleApplicationStrictModeViolation_ActivityManagerService_4,No similar EPs,
setRequestedOrientation_ActivityManagerService_3,No similar EPs,
killApplication_ActivityManagerService_5,notifyCleartextNetwork_ActivityManagerService_3,0.8586
killApplication_ActivityManagerService_5,appNotRespondingViaProvider_ActivityManagerService_2,0.8220
requestTelephonyBugReport_ActivityManagerService_3,No similar EPs,
getLaunchedFromUid_ActivityManagerService_2,getLaunchedFromPackage_ActivityManagerService_2,0.8435
getLaunchedFromUid_ActivityManagerService_2,finishActivity_ActivityManagerService_5,0.8119
dumpHeapFinished_ActivityManagerService_2,registerProcessObserver_ActivityManagerService_2,0.9185
dumpHeapFinished_ActivityManagerService_2,addPackageDependency_ActivityManagerService_2,0.8948
dumpHeapFinished_ActivityManagerService_2,getForegroundServiceType_ActivityManagerService_3,0.8898
dumpHeapFinished_ActivityManagerService_2,hang_ActivityManagerService_3,0.8888
dumpHeapFinished_ActivityManagerService_2,enterSafeMode_ActivityManagerService_1,0.8778
dumpHeapFinished_ActivityManagerService_2,getProcessLimit_ActivityManagerService_1,0.8101
addInstrumentationResults_ActivityManagerService_3,revokeUriPermission_ActivityManagerService_6,0.8486
addInstrumentationResults_ActivityManagerService_3,isUserRunning_ActivityManagerService_3,0.8242
addInstrumentationResults_ActivityManagerService_3,setDebugApp_ActivityManagerService_4,0.8015
setTaskResizeable_ActivityManagerService_3,getTaskBounds_ActivityManagerService_2,0.8793
setTaskResizeable_ActivityManagerService_3,finishActivity_ActivityManagerService_5,0.8244
finishActivity_ActivityManagerService_5,isTopActivityImmersive_ActivityManagerService_1,0.8556
finishActivity_ActivityManagerService_5,resizeTask_ActivityManagerService_4,0.8504
finishActivity_ActivityManagerService_5,getTaskForActivity_ActivityManagerService_3,0.8430
finishActivity_ActivityManagerService_5,isTopOfTask_ActivityManagerService_2,0.8291
finishActivity_ActivityManagerService_5,setTaskResizeable_ActivityManagerService_3,0.8244
finishActivity_ActivityManagerService_5,getLaunchedFromUid_ActivityManagerService_2,0.8119
finishActivity_ActivityManagerService_5,moveTaskToStack_ActivityManagerService_4,0.8097
getTagForIntentSender_ActivityManagerService_3,No similar EPs,
updateServiceGroup_ActivityManagerService_4,serviceDoneExecuting_ActivityManagerService_5,0.8404
updateServiceGroup_ActivityManagerService_4,unbindFinished_ActivityManagerService_4,0.8044
updateServiceGroup_ActivityManagerService_4,stopService_ActivityManagerService_5,0.8014
getTaskForActivity_ActivityManagerService_3,finishActivity_ActivityManagerService_5,0.8430
getTaskForActivity_ActivityManagerService_3,isTopActivityImmersive_ActivityManagerService_1,0.8023
showWaitingForDebugger_ActivityManagerService_3,No similar EPs,
getConfiguration_ActivityManagerService_1,moveTaskToFront_ActivityManagerService_6,0.8084
waitForNetworkStateUpdate_ActivityManagerService_2,No similar EPs,
enterSafeMode_ActivityManagerService_1,addPackageDependency_ActivityManagerService_2,0.9815
enterSafeMode_ActivityManagerService_1,hang_ActivityManagerService_3,0.9239
enterSafeMode_ActivityManagerService_1,dumpHeapFinished_ActivityManagerService_2,0.8778
enterSafeMode_ActivityManagerService_1,getForegroundServiceType_ActivityManagerService_3,0.8472
enterSafeMode_ActivityManagerService_1,registerProcessObserver_ActivityManagerService_2,0.8337
getForegroundServiceType_ActivityManagerService_3,hang_ActivityManagerService_3,0.9140
getForegroundServiceType_ActivityManagerService_3,dumpHeapFinished_ActivityManagerService_2,0.8898
getForegroundServiceType_ActivityManagerService_3,getProcessLimit_ActivityManagerService_1,0.8835
getForegroundServiceType_ActivityManagerService_3,addPackageDependency_ActivityManagerService_2,0.8818
getForegroundServiceType_ActivityManagerService_3,registerProcessObserver_ActivityManagerService_2,0.8752
getForegroundServiceType_ActivityManagerService_3,enterSafeMode_ActivityManagerService_1,0.8472
getForegroundServiceType_ActivityManagerService_3,getUidProcessState_ActivityManagerService_3,0.8402
getForegroundServiceType_ActivityManagerService_3,setRenderThread_ActivityManagerService_2,0.8108
getForegroundServiceType_ActivityManagerService_3,unregisterProcessObserver_ActivityManagerService_2,0.8010
unregisterProcessObserver_ActivityManagerService_2,setRenderThread_ActivityManagerService_2,0.9734
unregisterProcessObserver_ActivityManagerService_2,setAgentApp_ActivityManagerService_3,0.9520
unregisterProcessObserver_ActivityManagerService_2,registerUidObserver_ActivityManagerService_5,0.9133
unregisterProcessObserver_ActivityManagerService_2,unregisterUidObserver_ActivityManagerService_2,0.8955
unregisterProcessObserver_ActivityManagerService_2,backgroundWhitelistUid_ActivityManagerService_2,0.8946
unregisterProcessObserver_ActivityManagerService_2,isUidActive_ActivityManagerService_3,0.8380
unregisterProcessObserver_ActivityManagerService_2,getMemoryTrimLevel_ActivityManagerService_1,0.8380
unregisterProcessObserver_ActivityManagerService_2,hang_ActivityManagerService_3,0.8329
unregisterProcessObserver_ActivityManagerService_2,signalPersistentProcesses_ActivityManagerService_2,0.8142
unregisterProcessObserver_ActivityManagerService_2,getProcessLimit_ActivityManagerService_1,0.8103
unregisterProcessObserver_ActivityManagerService_2,getForegroundServiceType_ActivityManagerService_3,0.8010
unregisterProcessObserver_ActivityManagerService_2,getLifeMonitor_ActivityManagerService_1,0.8008
unregisterProcessObserver_ActivityManagerService_2,setDumpHeapDebugLimit_ActivityManagerService_5,0.8008
getIntentForIntentSender_ActivityManagerService_2,isIntentSenderABroadcast_ActivityManagerService_2,0.9534
getIntentForIntentSender_ActivityManagerService_2,isIntentSenderAForegroundService_ActivityManagerService_2,0.9528
getIntentForIntentSender_ActivityManagerService_2,isIntentSenderTargetedToPackage_ActivityManagerService_2,0.8896
getIntentForIntentSender_ActivityManagerService_2,isIntentSenderAnActivity_ActivityManagerService_2,0.8631
getIntentForIntentSender_ActivityManagerService_2,sendIntentSender_ActivityManagerService_9,0.8415
getProcessLimit_ActivityManagerService_1,getForegroundServiceType_ActivityManagerService_3,0.8835
getProcessLimit_ActivityManagerService_1,hang_ActivityManagerService_3,0.8575
getProcessLimit_ActivityManagerService_1,getUidProcessState_ActivityManagerService_3,0.8261
getProcessLimit_ActivityManagerService_1,registerProcessObserver_ActivityManagerService_2,0.8159
getProcessLimit_ActivityManagerService_1,setAgentApp_ActivityManagerService_3,0.8141
getProcessLimit_ActivityManagerService_1,unregisterProcessObserver_ActivityManagerService_2,0.8103
getProcessLimit_ActivityManagerService_1,dumpHeapFinished_ActivityManagerService_2,0.8101
getProcessLimit_ActivityManagerService_1,setRenderThread_ActivityManagerService_2,0.8098
getProcessLimit_ActivityManagerService_1,registerUidObserver_ActivityManagerService_5,0.8024
getProcessLimit_ActivityManagerService_1,getMemoryTrimLevel_ActivityManagerService_1,0.8024
getProcessLimit_ActivityManagerService_1,addPackageDependency_ActivityManagerService_2,0.8010
isTopOfTask_ActivityManagerService_2,finishActivity_ActivityManagerService_5,0.8291
getMemoryInfo_ActivityManagerService_2,No similar EPs,
isVrModePackageEnabled_ActivityManagerService_2,No similar EPs,
unregisterTaskStackListener_ActivityManagerService_2,No similar EPs,
unregisterUidObserver_ActivityManagerService_2,backgroundWhitelistUid_ActivityManagerService_2,0.9989
unregisterUidObserver_ActivityManagerService_2,registerUidObserver_ActivityManagerService_5,0.9806
unregisterUidObserver_ActivityManagerService_2,getLifeMonitor_ActivityManagerService_1,0.9412
unregisterUidObserver_ActivityManagerService_2,setDumpHeapDebugLimit_ActivityManagerService_5,0.9412
unregisterUidObserver_ActivityManagerService_2,setAgentApp_ActivityManagerService_3,0.9023
unregisterUidObserver_ActivityManagerService_2,signalPersistentProcesses_ActivityManagerService_2,0.8986
unregisterUidObserver_ActivityManagerService_2,unregisterProcessObserver_ActivityManagerService_2,0.8955
unregisterUidObserver_ActivityManagerService_2,setUserIsMonkey_ActivityManagerService_2,0.8877
unregisterUidObserver_ActivityManagerService_2,setRenderThread_ActivityManagerService_2,0.8625
unregisterUidObserver_ActivityManagerService_2,isUidActive_ActivityManagerService_3,0.8579
unregisterUidObserver_ActivityManagerService_2,getMemoryTrimLevel_ActivityManagerService_1,0.8541
unregisterUidObserver_ActivityManagerService_2,hang_ActivityManagerService_3,0.8282
restart_ActivityManagerService_1,No similar EPs,
unregisterIntentSenderCancelListener_ActivityManagerService_3,registerIntentSenderCancelListener_ActivityManagerService_3,0.9076
unregisterIntentSenderCancelListener_ActivityManagerService_3,cancelIntentSender_ActivityManagerService_2,0.8225
unregisterIntentSenderCancelListener_ActivityManagerService_3,sendIntentSender_ActivityManagerService_9,0.8105
getLockTaskModeState_ActivityManagerService_1,resumeAppSwitches_ActivityManagerService_1,1.0000
getLockTaskModeState_ActivityManagerService_1,suppressResizeConfigChanges_ActivityManagerService_2,0.9425
getLockTaskModeState_ActivityManagerService_1,isInLockTaskMode_ActivityManagerService_1,0.9320
getLockTaskModeState_ActivityManagerService_1,requestSystemServerHeapDump_ActivityManagerService_1,0.8137
getLaunchedFromPackage_ActivityManagerService_2,getLaunchedFromUid_ActivityManagerService_2,0.8435
registerIntentSenderCancelListener_ActivityManagerService_3,unregisterIntentSenderCancelListener_ActivityManagerService_3,0.9076
registerIntentSenderCancelListener_ActivityManagerService_3,cancelIntentSender_ActivityManagerService_2,0.8901
registerIntentSenderCancelListener_ActivityManagerService_3,getIntentSender_ActivityManagerService_11,0.8388
requestWifiBugReport_ActivityManagerService_3,No similar EPs,
isInLockTaskMode_ActivityManagerService_1,getLockTaskModeState_ActivityManagerService_1,0.9320
isBackgroundRestricted_ActivityManagerService_2,No similar EPs,
appNotRespondingViaProvider_ActivityManagerService_2,killApplication_ActivityManagerService_5,0.8220
appNotRespondingViaProvider_ActivityManagerService_2,notifyCleartextNetwork_ActivityManagerService_3,0.8179
appNotRespondingViaProvider_ActivityManagerService_2,removeContentProviderExternalAsUser_ActivityManagerService_4,0.8079
isUserRunning_ActivityManagerService_3,addInstrumentationResults_ActivityManagerService_3,0.8242
getPackageForIntentSender_ActivityManagerService_2,No similar EPs,
isIntentSenderTargetedToPackage_ActivityManagerService_2,isIntentSenderAnActivity_ActivityManagerService_2,0.9484
isIntentSenderTargetedToPackage_ActivityManagerService_2,isIntentSenderAForegroundService_ActivityManagerService_2,0.9007
isIntentSenderTargetedToPackage_ActivityManagerService_2,isIntentSenderABroadcast_ActivityManagerService_2,0.8969
isIntentSenderTargetedToPackage_ActivityManagerService_2,getIntentForIntentSender_ActivityManagerService_2,0.8896
isIntentSenderTargetedToPackage_ActivityManagerService_2,sendIntentSender_ActivityManagerService_9,0.8388
isIntentSenderAForegroundService_ActivityManagerService_2,isIntentSenderABroadcast_ActivityManagerService_2,0.9871
isIntentSenderAForegroundService_ActivityManagerService_2,getIntentForIntentSender_ActivityManagerService_2,0.9528
isIntentSenderAForegroundService_ActivityManagerService_2,isIntentSenderAnActivity_ActivityManagerService_2,0.9116
isIntentSenderAForegroundService_ActivityManagerService_2,isIntentSenderTargetedToPackage_ActivityManagerService_2,0.9007
isIntentSenderAForegroundService_ActivityManagerService_2,sendIntentSender_ActivityManagerService_9,0.8463
isIntentSenderABroadcast_ActivityManagerService_2,isIntentSenderAForegroundService_ActivityManagerService_2,0.9871
isIntentSenderABroadcast_ActivityManagerService_2,getIntentForIntentSender_ActivityManagerService_2,0.9534
isIntentSenderABroadcast_ActivityManagerService_2,isIntentSenderTargetedToPackage_ActivityManagerService_2,0.8969
isIntentSenderABroadcast_ActivityManagerService_2,isIntentSenderAnActivity_ActivityManagerService_2,0.8878
isIntentSenderABroadcast_ActivityManagerService_2,sendIntentSender_ActivityManagerService_9,0.8331
isIntentSenderAnActivity_ActivityManagerService_2,isIntentSenderTargetedToPackage_ActivityManagerService_2,0.9484
isIntentSenderAnActivity_ActivityManagerService_2,isIntentSenderAForegroundService_ActivityManagerService_2,0.9116
isIntentSenderAnActivity_ActivityManagerService_2,isIntentSenderABroadcast_ActivityManagerService_2,0.8878
isIntentSenderAnActivity_ActivityManagerService_2,getIntentForIntentSender_ActivityManagerService_2,0.8631
isIntentSenderAnActivity_ActivityManagerService_2,sendIntentSender_ActivityManagerService_9,0.8368
unregisterUserSwitchObserver_ActivityManagerService_2,No similar EPs,
notifyLockedProfile_ActivityManagerService_2,No similar EPs,
notifyCleartextNetwork_ActivityManagerService_3,killApplication_ActivityManagerService_5,0.8586
notifyCleartextNetwork_ActivityManagerService_3,appNotRespondingViaProvider_ActivityManagerService_2,0.8179
handleIncomingUser_ActivityManagerService_8,dumpHeap_ActivityManagerService_9,0.9769
handleIncomingUser_ActivityManagerService_8,registerReceiver_ActivityManagerService_8,0.9187
handleIncomingUser_ActivityManagerService_8,startUserInBackground_ActivityManagerService_2,0.8219
handleIncomingUser_ActivityManagerService_8,startUserInForegroundWithListener_ActivityManagerService_3,0.8116
registerTaskStackListener_ActivityManagerService_2,No similar EPs,
getCurrentUser_ActivityManagerService_1,No similar EPs,
registerUserSwitchObserver_ActivityManagerService_3,No similar EPs,
noteWakeupAlarm_ActivityManagerService_6,No similar EPs,
noteAlarmFinish_ActivityManagerService_5,No similar EPs,
noteAlarmStart_ActivityManagerService_5,No similar EPs,
closeSystemDialogs_ActivityManagerService_2,No similar EPs,
checkPermissionWithToken_ActivityManagerService_5,No similar EPs,
checkPermission_ActivityManagerService_4,No similar EPs,
