EP,sink_code
bindService_ActivityManagerService_9,"int var12 = bindIsolatedService(param2,param3,param4,param5,param6,param7,0,param8,param9);
ActiveServices$ServiceLookupResult var170 = retrieveServiceLocked(var66,param8,param5,param9,var166,var168,param10,1,var159,var162,var164);"
bindService_ActivityManagerService_9,"PackageManagerInternal var103 = var101.getPackageManagerInternalLocked();
ResolveInfo var105 = var103.resolveService(param2,param4,var100,var19,param7);"
sendIdleJobTrigger_ActivityManagerService_1,"Intent var19 = var16.addFlags(1073741824);
int var22 = broadcastIntent(0,var19,0,0,0,0,0,0,-1,0,0,0,-1);"
sendIdleJobTrigger_ActivityManagerService_1,"BroadcastRecord var981 = new BroadcastRecord();
var980.enqueueParallelBroadcastLocked(var981);
var980.scheduleBroadcastsLocked();"
updateConfiguration_ActivityManagerService_2,"ActivityTaskManagerService var3 = this.mActivityTaskManager;
boolean var5 = var3.updateConfiguration(param2);
Settings$System.clearConfiguration(var15);
ActivityTaskManagerService$UpdateConfigurationResult var35 = this.mTmpUpdateConfigurationResult;
boolean var37 = updateConfigurationLocked(var15,0,0,0,-10000,0,var35);"
updateConfiguration_ActivityManagerService_2,"WindowManagerService var10 = this.mWindowManager;
WindowManagerService var11 = this.mWindowManager;
Configuration var13 = var11.computeNewConfiguration(0);
var11.deferSurfaceLayout();
int var14 = updateGlobalConfigurationLocked(param2,param4,param5,param6,param7);"
getProcessMemoryInfo_ActivityManagerService_2,"Debug$MemoryInfo var26 = new Debug$MemoryInfo(var25);
Debug$MemoryInfo var29 = new Debug$MemoryInfo();
arraystore 26[153] = 29;
var36.lastMemInfo = var58;"
getProcessMemoryInfo_ActivityManagerService_2,ProcessRecord var36 = var33.get(var34);
bindIsolatedService_ActivityManagerService_10,"ServiceInfo var229 = new ServiceInfo();
ApplicationInfo var231 = new ApplicationInfo();
ApplicationInfo var232 = var229.applicationInfo;
var229.applicationInfo = var231;
ApplicationInfo var234 = var229.applicationInfo;
String var235 = var210.packageName;
var234.packageName = var235;
ApplicationInfo var236 = var229.applicationInfo;
int var237 = var210.uid;
var236.uid = var237;"
bindIsolatedService_ActivityManagerService_10,"ComponentName var238 = new ComponentName();
String var239 = var210.packageName;
String var241 = var138.getClassName();
Intent var265 = setComponent(var238);"
stopService_ActivityManagerService_5,"int var20 = var18.stopServiceLocked(param2,param3,param4,param5);
ActiveServices$ServiceLookupResult var38 = retrieveServiceLocked(param3,0,param4,0,var34,var36,param5,0,0,0,0);"
stopService_ActivityManagerService_5,"ServiceInfo var106 = var105.serviceInfo;
int var108 = var107.flags;
var110 = var108 and 2;"
moveTaskToStack_ActivityManagerService_4,"var5.moveTaskToStack(param2,param3,param4);
boolean var57 = var14.reparent(var18,param4,1,1,0,moveTaskToStack);
var97.reparent(var99,var95,var103);
var16.removeTask(this,param8,var107);
var22.addTask(this,var95,0,param8);"
moveTaskToStack_ActivityManagerService_4,"ActivityRecord var39 = getTopActivity();
IApplicationToken$Stub var50 = var39.appToken;
var14.setWillReplaceWindow(var50,param5);
var14.deferSurfaceLayout();
ActivityRecord var56 = topRunningActivityLocked();"
getProcessPss_ActivityManagerService_2,"int var33 = var29.uid;
int var35 = UserHandle.getUserId(var33);
var68.mergeStats(var65,1,param2,param2,param2,param3,param3,param3,param4,param4,param4);"
getProcessPss_ActivityManagerService_2,"long var45 = Debug.getPss(var43,var40,0);
arraystore 21[103] = 45;
var51.addPss(var52,var53,var55,0,3,var56,var58);"
setServiceForeground_ActivityManagerService_7,"ActiveServices var9 = this.mServices;
var9.setServiceForegroundLocked(param2,param3,param4,param5,param6,param7);
ServiceRecord var13 = findServiceLocked(param2,param3,var9);
setServiceForegroundInnerLocked(var13,param4,param5,param6,param7);"
setServiceForeground_ActivityManagerService_7,"ActiveServices$ActiveForegroundApp var269 = new ActiveServices$ActiveForegroundApp();
String var271 = param2.packageName;
var269.mPackageName = var271;
ApplicationInfo var272 = param2.appInfo;
int var273 = var272.uid;
var269.mUid = var273;
boolean var274 = this.mScreenOn;
var269.mShownWhileScreenOn = var274;"
broadcastIntent_ActivityManagerService_14,"int var39 = broadcastIntentLocked(var25,var37,var20,param4,param5,param6,param7,param8,param9,param10,param11,param12,param13,var27,var29,var29,var27,param14);
int var22 = broadcastIntentLocked(param2,param3,param4,param5,param6,param7,param8,param9,param10,param11,param12,param13,param14,param15,param16,param17,param18,param19,0);"
broadcastIntent_ActivityManagerService_14,"var771.updateHasInternetPermission();
ProcessList var769 = this.mProcessList;
UidRecord var771 = var769.getUidRecordLocked(var768);"
peekService_ActivityManagerService_4,"ServiceInfo var80 = var75.serviceInfo;
int var81 = var80.flags;
var83 = var81 and 4;"
peekService_ActivityManagerService_4,"ApplicationInfo var210 = var207.getApplicationInfo(param5,1024,var19);
String var235 = var210.packageName;
ApplicationInfo var234 = var229.applicationInfo;
var234.packageName = var235;
int var237 = var210.uid;
var236.uid = var237;"
getContentProvider_ActivityManagerService_6,"ProcessRecord var15 = getRecordForAppLocked(param2);
checkTime(var13,getContentProviderImpl: getProviderByName);
checkTime(var13,getContentProviderImpl: before appDied (killedByAm));
appDiedLocked(var114);
reportUidInfoMessageLocked(ActivityManager,var112,var114);"
getContentProvider_ActivityManagerService_6,"Object var121 = new Object(5);
arraystore 121[21] = Integer.valueOf(param2.userId);
arraystore 121[20] = Integer.valueOf(param2.pid);
arraystore 121[29] = param2.processName;
arraystore 121[30] = Integer.valueOf(param2.setAdj);
arraystore 121[132] = Integer.valueOf(param2.setProcState);"
bootAnimationComplete_ActivityManagerService_1,"IStorageManager var89 = PackageHelper.getStorageManager();
var89.commitChanges();"
bootAnimationComplete_ActivityManagerService_1,"SystemServiceManager var107 = this.mSystemServiceManager;
var107.startBootPhase(1000);"
makePackageIdle_ActivityManagerService_3,"UidRecord var85 = var83.valueAt(var134);
var85.idle = 1;
var85.setIdle = 1;
int var106 = var85.uid;
String var108 = UserHandle.formatUid(var106);
int var125 = var85.uid;
doStopUidLocked(var125, var85);"
makePackageIdle_ActivityManagerService_3,"ActiveServices var4 = this.mServices;
var4.stopInBackgroundLocked(param2);
SparseArray var3 = this.mServiceMap;
int var5 = UserHandle.getUserId(param2);
Object var7 = var3.get(var5);
ActiveServices$ServiceMap var8 = (ActiveServices$ServiceMap) var7;
ArrayMap var10 = var8.mServicesByInstanceName;
Object var17 = var15.valueAt(var85);
ServiceRecord var18 = (ServiceRecord) var17;"
sendIntentSender_ActivityManagerService_9,"PendingIntentRecord var38 = (PendingIntentRecord) param2;
int var40 = var38.sendWithResult(param4,param5,param6,param3,param7,param8,param9);
int var11 = sendInner(param2,param3,param4,param5,param6,param7,0,0,0,0,0,param8);"
sendIntentSender_ActivityManagerService_9,"Intent var32 = var31.requestIntent;
Intent var38 = new Intent();
Intent var40 = var39.requestIntent;
Intent var42 = ... (multiple occurrences)
Intent var153 = new Intent(var152);
System.arraycopy(var159,0,var153,0,var162);"
performIdleMaintenance_ActivityManagerService_1,"ProcessList var52 = this.mProcessList;
ArrayList var53 = var52.mLruProcesses;
int var55 = var53.size();
var56 = var55 sub 1;
Object var60 = var58.get(var163);
ProcessRecord var61 = (ProcessRecord) var60;
var61.kill(var134,1);"
performIdleMaintenance_ActivityManagerService_1,"ActivityManagerService var9 = this.mService;
ApplicationInfo var10 = this.info;
int var11 = var10.uid;
ActivityManagerService var12 = this.mService;
int var13 = var12.mCurOomAdjUid;
var15.reportUidInfoMessageLocked(ActivityManager,var37,var39);"
getRunningAppProcesses_ActivityManagerService_1,"ActivityManager$RunningAppProcessInfo var25 = new ActivityManager$RunningAppProcessInfo();
String var26 = var16.processName;
int var27 = var16.pid;
String var29 = var16.getPackageList();
fillInProcMemInfoLocked(var16, var25, param6);"
getRunningAppProcesses_ActivityManagerService_1,"param3.pid = var5;
ApplicationInfo var6 = param2.info;
int var7 = var6.uid;
param3.uid = var7;"
unregisterReceiver_ActivityManagerService_2,"BroadcastRecord var13 = var12.curBroadcast;
BroadcastQueue var14 = var13.queue;
BroadcastRecord var16 = var14.getMatchingOrderedReceiver(var13);
boolean var23 = var17.finishReceiverLocked(var13,var18,var19,var20,var21,0);"
unregisterReceiver_ActivityManagerService_2,"param2.state = 0;
String var21 = this.mQueueName;
ProcessRecord var34 = param2.curApp;"
handleApplicationCrash_ActivityManagerService_3,"Object var7 = new Object(8);
arraystore 7[12] = 11;
arraystore 7[19] = 18;
arraystore 7[20] = 4;
arraystore 7[27] = 26;
arraystore 7[28] = 29;
arraystore 7[30] = 31;
arraystore 7[32] = 33;
arraystore 7[34] = 37;"
handleApplicationCrash_ActivityManagerService_3,"addErrorToDropBox(param2,param3,param4,0,0,0,0,0,0,param5);"
unbindFinished_ActivityManagerService_4,"var13.unbindFinishedLocked(var14,param3,param4);
bumpServiceExecutingLocked(param2,param4,bind);
param2.executeFg = param3;
param2.executingStart = var42;"
unbindFinished_ActivityManagerService_4,"ProcessRecord var59 = param2.app;
ArraySet var61 = var60.executingServices;
boolean var63 = var61.add(param2);"
showBootMessage_ActivityManagerService_3,"var10.showBootMessage(param2,param3);
var12.showBootMessage(param2,param3);"
showBootMessage_ActivityManagerService_3,this.mShowingBootMessages = 1;
getMyMemoryState_ActivityManagerService_2,"param3.pid = var5;
param3.uid = var7;
param3.importance = var36;
param3.processState = var39;"
getMyMemoryState_ActivityManagerService_2,"this.mCurResumedPackage = var14;
this.mCurResumedUid = var15;"
unstableProviderDied_ActivityManagerService_2,"Process.killProcessQuiet(param3);
int var24 = param2.uid;
ProcessList.killProcessGroup(var24,param3);
param2.killed = 1;"
unstableProviderDied_ActivityManagerService_2,appDiedLocked(var41);
finishReceiver_ActivityManagerService_7,"BroadcastRecord var31 = var29.getMatchingOrderedReceiver(param2);
BroadcastQueue var32 = var31.queue;
boolean var35 = var32.finishReceiverLocked(var31,param3,param4,param5,param6,1);"
finishReceiver_ActivityManagerService_7,"Intent var82 = param2.intent;
Intent var84 = var82.setComponent(0);"
getRunningExternalApplications_ActivityManagerService_1,"ActivityManager$RunningAppProcessInfo var25 = new ActivityManager$RunningAppProcessInfo();
String var26 = var16.processName;
int var27 = var16.pid;
String var29 = var16.getPackageList();
fillInProcMemInfoLocked(var16, var25, param6);
param3.pid = var5;
ApplicationInfo var6 = param2.info;
int var7 = var6.uid;
param3.uid = var7;"
getRunningExternalApplications_ActivityManagerService_1,"List var5 = getRunningAppProcesses();
int var5 = Binder.getCallingUid();
PackageManagerInternal var6 = this.mPackageManagerInt;
int var8 = var6.getUidTargetSdkVersion(var5);"
getProviderMimeType_ActivityManagerService_3,"ContentProviderHolder var31 = getContentProviderExternalUnchecked(var8,0,var10,*getmimetype*,var17);
ContentProviderHolder var10 = getContentProviderImpl(0,param2,param3,param4,0,param5,1,param6);"
getProviderMimeType_ActivityManagerService_3,"ProviderInfo var64 = var63.info;
String var65 = var64.processName;
ApplicationInfo var66 = var64.applicationInfo;
String var67 = var64.name;
int var76 = var64.flags;"
setFocusedStack_ActivityManagerService_2,"ActivityTaskManagerService var3 = this.mActivityTaskManager;
var3.setFocusedStack(param2);
RootActivityContainer var11 = this.mRootActivityContainer;
ActivityStack var13 = var11.getStack(param2);
ActivityRecord var16 = var13.topRunningActivityLocked();
boolean var19 = var16.moveFocusableActivityToTop(setFocusedStack);"
setFocusedStack_ActivityManagerService_2,"AppTimeTracker var10 = this.mCurAppTimeTracker;
AppTimeTracker var11 = param2.appTimeTracker;
AppTimeTracker var13 = this.mCurAppTimeTracker;
var13.stop();
ActivityTaskManagerService$H var15 = this.mH;
Message var18 = var15.obtainMessage(1, var16);
var18.sendToTarget();"
getContentProviderExternal_ActivityManagerService_5,"ContentProviderHolder var25 = getContentProviderExternalUnchecked(param2,param4,var20,var23,var18);
ContentProviderHolder var10 = getContentProviderImpl(0,param2,param3,param4,0,param5,1,param6);
var3.provider = this.provider;
var3.noReleaseNeeded = this.noReleaseNeeded;
var3.connection = param2;"
getContentProviderExternal_ActivityManagerService_5,"int var18 = var9.handleIncomingUser(var11,var13,param3,0,2,getContentProvider,0);"
getServices_ActivityManagerService_3,"ArrayMap var81 = getServicesLocked(var79);
Object var87 = var81.valueAt(var94);
ServiceRecord var88 = (ServiceRecord) var87;
ActivityManager$RunningServiceInfo var90 = makeRunningServiceInfoLocked(var88);
List var22 = var20.getRunningServiceInfoLocked(param2,param3,var7,var18,var13);"
getServices_ActivityManagerService_3,"ArrayList var7 = new ArrayList();
ArrayMap var52 = getConnections();
Object var58 = var52.valueAt(var71);
ArrayList var59 = (ArrayList) var58;
ActivityManager$RunningServiceInfo var3 = new ActivityManager$RunningServiceInfo();
... (various assignments to var3 fields)
var7.add(var3);"
moveTaskToFront_ActivityManagerService_6,"var7.moveTaskToFront(param2,param3,param4,param5,param6);
moveTaskToFrontLocked(param2,param3,param4,param5,var14,0);"
moveTaskToFront_ActivityManagerService_6,"WindowProcessController var43 = getProcessController(param2);
ActivityStartController var49 = getActivityStartController();
ActivityStarter var52 = var49.obtainStarter(0,moveTaskToFront);
boolean var54 = var52.shouldAbortBackgroundActivityStart(var11,var9,param3,-1,-1,var45,0,0,0);"
getRecentTasks_ActivityManagerService_4,"ParceledListSlice var7 = var5.getRecentTasks(param2,param3,param4);
ArrayList var10 = getRecentTasksImpl(param2,param3,param4,param5,param6,param7);
ParceledListSlice var30 = var28.getRecentTasks(param2,param3,var15,var25,var11,var6);
ActivityManager$RecentTaskInfo var63 = createRecentTaskInfo(var31);"
getRecentTasks_ActivityManagerService_4,"ArrayList var23 = new ArrayList();
boolean var71 = var23.add(var63);"
setProcessImportant_ActivityManagerService_5,"ProcessRecord var14 = var12.get(param3);
Object var17 = var15.get(param3);
ActivityManagerService$ImportanceToken var18 = (ActivityManagerService$ImportanceToken) var17;
IBinder var19 = var18.token;
boolean var21 = var19.unlinkToDeath(var18,0);
var14.forcingToImportant = 0;
ActivityManagerService$13 var29 = new ActivityManagerService$13();
linkToDeath(var29,0);
SparseArray var33 = this.mImportantProcesses;
var33.put(param3,var29);
var14.forcingToImportant = var29;"
setProcessImportant_ActivityManagerService_5,"String var11 = var9.processName;
ApplicationInfo var12 = var9.info;
int var13 = var12.uid;
this.mCurResumedPackage = var14;
this.mCurResumedUid = var15;"
forceStopPackage_ActivityManagerService_3,"IPackageManager var49 = AppGlobals.getPackageManager();
var49.setPackageStoppedState(param2,1,var60);"
forceStopPackage_ActivityManagerService_3,"forceStopPackageLocked(param2,var70,var119);
boolean var12 = forceStopPackageLocked(param2,var6,0,0,1,0,0,var8,param4);"
openContentUri_ActivityManagerService_2,"ProviderMap var54 = this.mProviderMap;
ContentProviderRecord var56 = var54.getProviderByName(param3,param9);
ProviderMap var61 = this.mProviderMap;
ContentProviderRecord var63 = var61.getProviderByName(param3,0);"
openContentUri_ActivityManagerService_2,"ProcessRecord var102 = var99.proc;
boolean var104 = var103.killed;
checkTime(var13,getContentProviderImpl: before appDied (killedByAm));
long var113 = Binder.clearCallingIdentity();
appDiedLocked(var114);
Binder.restoreCallingIdentity(var113);"
clearApplicationUserData_ActivityManagerService_5,"PackageManagerInternal var26 = getPackageManagerInternalLocked();
boolean var28 = var26.isPackageDataProtected(var16,param2);
ApplicationInfo var42 = var20.getApplicationInfo(param2,8192,var16);
int var47 = var45.uid;
forceStopPackageLocked(param2,var107,clear data);"
clearApplicationUserData_ActivityManagerService_5,"ProcessList var86 = this.mProcessList;
boolean var107 = var86.killPackageProcessesLocked(param2,var29,param9,-10000,param4,1,param6,param7,1,var105);"
startUserInBackground_ActivityManagerService_2,"UserState var140 = new UserState();
ProgressReporter var144 = var140.mUnlockProgress;
UserController$UserProgressListener var145 = new UserController$UserProgressListener();
var144.addListener(var145);
SparseArray var148 = this.mStartedUsers;
var148.put(param2,var140);"
startUserInBackground_ActivityManagerService_2,"UserController var4 = this.mUserController;
boolean var7 = var4.startUser(param2,0,param3);"
killApplicationProcess_ActivityManagerService_3,"ProcessRecord var33 = (ProcessRecord) var32;
var44.reportCachedKill(var46,var47);
String var85 = Long.toString(var83);
var33.kill(var92,1);"
killApplicationProcess_ActivityManagerService_3,"int var45 = this.pid;
Process.killProcessQuiet(var65);
int var67 = this.uid;
int var68 = this.pid;
ProcessList.killProcessGroup(var67,var68);"
startRecentsActivity_ActivityManagerService_4,"RecentTasks var16 = this.mRecentTasks;
ComponentName var18 = var16.getRecentsComponent();
RecentTasks var19 = this.mRecentTasks;
int var21 = var19.getRecentsComponentUid();"
startRecentsActivity_ActivityManagerService_4,"Message var76 = PooledLambda.obtainMessage(var63,var65,var66,var68,var70,activity,var74);
ActivityTaskManagerService var77 = this.mService;
ActivityTaskManagerService$H var78 = var77.mH;
boolean var80 = var78.sendMessage(var76);"
bindBackupAgent_ActivityManagerService_4,"ProcessRecord var83 = startProcessLocked(var73,var20,0,0,var74,0,0,0);
var23.setPackageStoppedState(var24,0[var27];
BackupRecord var60 = new BackupRecord();
ComponentName var65 = new ComponentName();"
bindBackupAgent_ActivityManagerService_4,"ProcessList var10 = this.mProcessList;
ProcessRecord var13 = var10.startProcessLocked(param2,param3,param4,param5,param6,param7,param8,0,param9,0,0,0,0);
var25 = param5 and 4;"
updateLockTaskPackages_ActivityManagerService_3,"ActivityTaskManagerService var4 = this.mActivityTaskManager;
var4.updateLockTaskPackages(param2,param3);"
updateLockTaskPackages_ActivityManagerService_3,"SparseArray var4 = this.mLockTaskPackages;
var4.put(param2,param3);"
getIntentSender_ActivityManagerService_11,"PendingIntentRecord var124 = var122.getIntentSender(param2,param3,var55,var64,param4,param5,param6,param7,param8,param9,param10);
HashMap var39 = this.mIntentSenderRecords;
Object var41 = var39.get(var35);
WeakReference var42 = (WeakReference) var41;
Object var44 = var42.get();
PendingIntentRecord var45 = (PendingIntentRecord) var44;"
getIntentSender_ActivityManagerService_11,"Intent var63 = var62.requestIntent;
Intent var71 = var65.replaceExtras(var69);"
resizeStack_ActivityManagerService_7,"ActivityTaskManagerService var8 = this.mActivityTaskManager;
var8.resizeStack(param2,param3,param4,param5,param6,param7);
RootActivityContainer var38 = this.mRootActivityContainer;
ActivityStack var40 = var38.getStack(param2);
var40.animateResizePinnedStack(0,param3,param7,0);
TaskStack var21 = getTaskStack();
TaskStack var23 = getTaskStack();
var23.animateResizePinnedStack(param3,param2,param4,param5);"
resizeStack_ActivityManagerService_7,"Rect var9 = new Rect();
getBounds(var9);
WindowManagerService var18 = this.mWmService;
Rect var19 = this.mTmpToBounds;
var18.getStackBounds(1,1,var19);
setAnimationFinalBounds(param3,var35,var13);"
setDebugApp_ActivityManagerService_4,"this.mDebugApp = param2;
this.mWaitForDebugger = param3;
Settings$Global.putString(var14,debug_app,param2);
Settings$Global.putInt(var14,wait_for_debugger,var19);"
setDebugApp_ActivityManagerService_4,"IPackageManager var19 = AppGlobals.getPackageManager();
int var22 = var19.getPackageUid(param2,268435456,0);
int var28 = UserHandle.getAppId(var22);"
positionTaskInStack_ActivityManagerService_4,"var5.positionTaskInStack(param2,param3,param4);
RootActivityContainer var13 = this.mRootActivityContainer;
TaskRecord var15 = var13.anyTaskForId(param2);
RootActivityContainer var28 = this.mRootActivityContainer;
ActivityStack var30 = var28.getStack(param3);
var30.positionChildAt(var15,param4);"
positionTaskInStack_ActivityManagerService_4,updateOverrideConfigurationForStack(this);
killBackgroundProcesses_ActivityManagerService_3,"ProcessList var73 = this.mProcessList;
boolean var77 = var73.killPackageProcessesLocked(param2,var69,var60,500,kill background);
boolean var10 = killPackageProcessesLocked(param2,param3,param4,param5,0,1,1,0,0,param6);"
killBackgroundProcesses_ActivityManagerService_3,"ProcessRecord var32 = (ProcessRecord) var31;
var32.removed = 1;"
startActivityFromRecents_ActivityManagerService_3,"int var6 = var4.startActivityFromRecents(param2,param3);
int var19 = var17.startActivityFromRecents(var8,var10,param2,var12);"
startActivityFromRecents_ActivityManagerService_3,"RecentTasks var16 = this.mRecentTasks;
boolean var18 = var16.isCallerRecents(param3);
RecentTasks var19 = this.mRecentTasks;
var19.setFreezeTaskListReordering();"
killProcessesBelowForeground_ActivityManagerService_2,"var20.kill(param3,1);
Process.killProcessQuiet(var65);
ProcessList.killProcessGroup(var67,var68);"
killProcessesBelowForeground_ActivityManagerService_2,"Object var49 = new Object(5);
arraystore 49[5] = 52;
arraystore 49[46] = 55;
arraystore 49[56] = 57;
arraystore 49[58] = 61;
arraystore 49[62] = 2;"
resizeDockedStack_ActivityManagerService_6,"ActivityTaskManagerService var7 = this.mActivityTaskManager;
var7.resizeDockedStack(param2,param3,param4,param5,param6);"
resizeDockedStack_ActivityManagerService_6,"ActivityStackSupervisor var14 = this.mStackSupervisor;
var14.resizeDockedStackLocked(param2,param3,param4,param5,param6,1);
resizeDockedStackLocked(param2,param3,param4,param5,param6,param7,0);"
moveActivityTaskToBack_ActivityManagerService_3,"ArrayList var54 = this.mTaskHistory;
boolean var56 = var54.remove(var4);
ArrayList var57 = this.mTaskHistory;
var57.add(0, var4);"
moveActivityTaskToBack_ActivityManagerService_3,"updateTaskMovement(var4, 0);"
getAllStackInfos_ActivityManagerService_1,"ActivityManager$StackInfo var6 = new ActivityManager$StackInfo();
var6.displayId = var3;
var6.stackId = var10;
var6.userId = var11;
boolean var14 = shouldBeVisible(0);
var6.visible = var14;
var6.position = var17;
Configuration var20 = var6.configuration;
Configuration var22 = getConfiguration();
var20.setTo(var22);"
getAllStackInfos_ActivityManagerService_1,"ArrayList var25 = getAllTasks();
int var27 = var25.size();
[I var28 = new [I(var27);
String var29 = new String(var27);
Rect var30 = new Rect(var27);
[I var31 = new [I(var27);
var6.taskIds = var28;
var6.taskNames = var29;
var6.taskBounds = var30;
var6.taskUserIds = var31;"
setHasTopUi_ActivityManagerService_2,var43.setHasTopUi(param2);
startUserInBackgroundWithListener_ActivityManagerService_3,"UserController var4 = this.mUserController;
boolean var7 = var4.startUser(param2,0,param3);
SparseArray var105 = this.mStartedUsers;
Object var107 = var105.get(param2);
UserState var108 = (UserState) var107;
UserState var140 = new UserState();
SparseArray var148 = this.mStartedUsers;
var148.put(param2,var140);"
startUserInBackgroundWithListener_ActivityManagerService_3,"WindowManagerService var96 = var94.getWindowManager();
var96.startFreezingScreen(17432729,17432728);
WindowManagerGlobalLock var12 = this.mGlobalLock;
startFreezingDisplayLocked(param2,param3);"
handleApplicationWtf_ActivityManagerService_5,"ProcessRecord var12 = handleApplicationWtfInner(var7,var9,param2,param3,param5);
ProcessRecord var9 = findAppProcess(param4,WTF);
addErrorToDropBox(wtf,var9,var14,0,0,0,param5,0,0,param6);"
handleApplicationWtf_ActivityManagerService_5,"Object var17 = new Object(6);
arraystore 17[10] = 21;
arraystore 17[22] = 24;
arraystore 17[25] = 14;
arraystore 17[26] = 32;
arraystore 17[33] = 5;
arraystore 17[34] = 35;"
killPids_ActivityManagerService_4,"ProcessRecord var57 = var54.get(var55);
int var58 = var57.setAdj;
boolean var59 = var57.killedByAm;
var57.kill(var13,1);"
killPids_ActivityManagerService_4,"Object var49 = new Object(5);
Integer var52 = Integer.valueOf(var50);
arraystore 49[5] = 52;
Integer var55 = Integer.valueOf(var53);
arraystore 49[46] = 55;
String var57 = this.processName;
arraystore 49[56] = 57;
Integer var61 = Integer.valueOf(var59);
arraystore 49[58] = 61;
arraystore 49[62] = 2;"
startUserInForegroundWithListener_ActivityManagerService_3,"UserController var4 = this.mUserController;
boolean var7 = var4.startUser(param2,1,param3);
UserInfo var85 = getUserInfo(param2);"
startUserInForegroundWithListener_ActivityManagerService_3,"WindowManagerService var96 = var94.getWindowManager();
var96.startFreezingScreen(17432729,17432728);"
unbindBackupAgent_ActivityManagerService_2,"int var16 = this.mCurResumedUid;
String var17 = this.mCurResumedPackage;
this.mCurResumedPackage = var14;
this.mCurResumedUid = var15;"
unbindBackupAgent_ActivityManagerService_2,"ProcessRecord var21 = var14.app;
boolean var25 = updateOomAdjLocked(var21,1,updateOomAdj_meh);"
killPackageDependents_ActivityManagerService_3,"boolean var10 = killPackageProcessesLocked(param2,param3,param4,param5,0,1,1,0,0,param6);
ProcessList var34 = this.mProcessList;
int var36 = UserHandle.getAppId(var20);
boolean var47 = var34.killPackageProcessesLocked(param2,var36,param3,0,var45);"
killPackageDependents_ActivityManagerService_3,"ArrayList var12 = new ArrayList();
var32.removed = 1;
boolean var68 = var12.add(var32);
Object var31 = var27.valueAt(var75);
ProcessRecord var32 = (ProcessRecord) var31;"
startDelegateShellPermissionIdentity_ActivityManagerService_3,"ActivityManagerService$ShellDelegate var49 = new ActivityManagerService$ShellDelegate();
var53.setAppOpsServiceDelegate(var49);"
startDelegateShellPermissionIdentity_ActivityManagerService_3,"int var70 = var68.getDelegateUid();
var68.setPermissions(param3);"
removeContentProvider_ActivityManagerService_3,"stopAssociation();
ArrayList var20 = var9.connections;
boolean var22 = var20.remove(param2);
ProcessRecord var23 = param2.client;
ArrayList var24 = var23.conProviders;
boolean var26 = var24.remove(param2);"
removeContentProvider_ActivityManagerService_3,"stopAssociationLocked(var39,var41,var42,var44,var45,var47);
int var39 = var38.uid;
String var41 = var40.processName;"
resizeTask_ActivityManagerService_4,"ActivityTaskManagerService var5 = this.mActivityTaskManager;
var5.resizeTask(param2,param3,param4);
TaskRecord var16 = var13.anyTaskForId(param2,0);
ActivityStack var18 = var16.getStack();
WindowConfiguration var20 = var16.getWindowConfiguration();
boolean var22 = var20.canResizeTask();
int var37 = var18.getWindowingMode();
ActivityDisplay var52 = var18.getDisplay();
int var54 = var18.getActivityType();
ActivityStack var56 = var52.getOrCreateStack(1,var54,1);"
resizeTask_ActivityManagerService_4,"RootActivityContainer var13 = this.mRootActivityContainer;
TaskRecord var16 = var13.anyTaskForId(param2,0);
ActivityStack var18 = var16.getStack();
WindowConfiguration var20 = var16.getWindowConfiguration();
boolean var22 = var20.canResizeTask();"
publishContentProviders_ActivityManagerService_3,"ProviderMap var52 = this.mProviderMap;
var52.putProviderByClass(var46,var45);"
publishContentProviders_ActivityManagerService_3,"HashMap var19 = new HashMap();
SparseArray var21 = this.mProvidersByClassPerUser;
var21.put(param2,var19);"
unlockUser_ActivityManagerService_5,"var13.unlockUserKey(param2, var14, param3, param4);
UserController$Injector var11 = this.mInjector;
IStorageManager var13 = var11.getStorageManager();
int var14 = var10.serialNumber;"
unlockUser_ActivityManagerService_5,"ProgressReporter var42 = var40.mUnlockProgress;
var42.addListener(param5);"
startInstrumentation_ActivityManagerService_9,"InstrumentationInfo var35 = var32.getInstrumentationInfo(param2,1024);
String var39 = var35.targetPackage;
ApplicationInfo var41 = var38.getApplicationInfo(var39,1024,var20);"
startInstrumentation_ActivityManagerService_9,"Bundle var9 = new Bundle();
var9.putString(id,ActivityManagerService);
var9.putString(Error,param4);
InstrumentationReporter var16 = this.mInstrumentationReporter;
var16.reportStatus(param2,param3,-1,var9);"
killUid_ActivityManagerService_4,"ProcessList var11 = this.mProcessList;
boolean var19 = var11.killPackageProcessesLocked(0,param2,param3,-800,0,1,1,1,0,var17);"
killUid_ActivityManagerService_4,var32.removed = 1;
shutdown_ActivityManagerService_2,"AppOpsService var14 = this.mAppOpsService;
var14.shutdown();"
shutdown_ActivityManagerService_2,"List var21 = getPackagesForOps(0);
FastXmlSerializer var22 = new FastXmlSerializer();
FileOutputStream var5 = var3.startWrite();
var22.setOutput(var5, var26);
Boolean var30 = Boolean.valueOf(1);
var22.startDocument(0, var30);
XmlSerializer var34 = var22.startTag(0, app-ops);"
killAllBackgroundProcesses_ActivityManagerService_1,"boolean var43 = var38.killPackageProcessesLocked(0,-1,-1,900,kill all background);
ProcessList var38 = this.mProcessList;"
killAllBackgroundProcesses_ActivityManagerService_1,"boolean var10 = killPackageProcessesLocked(param2,param3,param4,param5,0,1,1,0,0,param6);"
unbroadcastIntent_ActivityManagerService_4,"SparseArray var52 = this.mStickyBroadcasts;
Object var54 = var52.get(var19);
ArrayMap var55 = (ArrayMap) var54;
String var57 = getAction();
Object var59 = var55.get(var57);
ArrayList var60 = (ArrayList) var59;
int var62 = var60.size();
Object var64 = var60.get(var70);
Intent var65 = (Intent) var64;
boolean var67 = filterEquals(var65);
Object var75 = var60.remove(var70);
int var80 = var60.size();
String var82 = getAction();
Object var84 = var55.remove(var82);
int var91 = var55.size();
SparseArray var92 = this.mStickyBroadcasts;
var92.remove(var19);"
removeContentProviderExternal_ActivityManagerService_3,"ProviderMap var6 = this.mProviderMap;
ContentProviderRecord var8 = var6.getProviderByName(param2,param4);
ProviderInfo var11 = var8.info;
String var12 = var11.packageName;
ProviderInfo var13 = var8.info;
String var14 = var13.name;"
removeContentProviderExternal_ActivityManagerService_3,"ArrayMap var6 = this.externalProcessTokenToHandle;
Object var9 = var6.get(param2);
ContentProviderRecord$ExternalProcessHandle var10 = (ContentProviderRecord$ExternalProcessHandle) var9;
int var11 = var10.mAcquisitionCount;
var12 = var11 sub 1;
var10.mAcquisitionCount = var12;"
cancelIntentSender_ActivityManagerService_2,"PendingIntentController var3 = this.mPendingIntentController;
var3.cancelIntentSender(param2);
cancelIntentSender(var6,1);"
cancelIntentSender_ActivityManagerService_2,"HashMap var6 = this.mIntentSenderRecords;
Object var9 = var6.remove(var7);"
removeContentProviderExternalAsUser_ActivityManagerService_4,"ContentProviderRecord var8 = var6.getProviderByName(param2,param4);
ProviderInfo var11 = var8.info;
String var12 = var11.packageName;
ProviderInfo var13 = var8.info;
String var14 = var13.name;"
removeContentProviderExternalAsUser_ActivityManagerService_4,"ContentProviderRecord var18 = var16.getProviderByClass(var10,param4);
boolean var20 = var18.hasExternalProcessHandles();
boolean var37 = var18.removeExternalProcessHandleLocked(param3);"
getTaskBounds_ActivityManagerService_2,"Rect var5 = var3.getTaskBounds(param2);
ActivityStack var46 = getLaunchStack(0,param4,var25,param5);
boolean var50 = var25.reparent(var46,param5,var47,1,1,anyTaskForId);"
getTaskBounds_ActivityManagerService_2,"Rect var9 = new Rect();
ActivityDisplay var18 = (ActivityDisplay) var17;
int var20 = var18.getChildCount();
ActivityStack var23 = var18.getChildAt(var28);"
startActivityAsUser_ActivityManagerService_12,"ActivityTaskManagerService var13 = this.mActivityTaskManager;
int var15 = var13.startActivityAsUser(param2,param3,param4,param5,param6,param7,param8,param9,param10,param11,param12);"
startActivityAsUser_ActivityManagerService_12,"ActivityStartController var17 = getActivityStartController();
ActivityStarter var27 = var25.obtainStarter(param4,startActivityAsUser);
ActivityStarter var29 = var27.setCaller(param2);
ActivityStarter var31 = var29.setCallingPackage(param3);
ActivityStarter var33 = var31.setResolvedType(param5);
ActivityStarter var35 = var33.setResultTo(param6);
ActivityStarter var37 = var35.setResultWho(param7);
ActivityStarter var39 = var37.setRequestCode(param8);
ActivityStarter var41 = var39.setStartFlags(param9);"
getFilteredTasks_ActivityManagerService_4,"List var7 = var5.getFilteredTasks(param2,param3,param4);
ArrayList var33 = new ArrayList();
RootActivityContainer var40 = this.mRootActivityContainer;
var40.getRunningTasks(param2,var33,param3,param4,var6,var39,var10,var18);"
getFilteredTasks_ActivityManagerService_4,"TaskRecord var50 = (TaskRecord) var49;
ActivityManager$RunningTaskInfo var52 = createRunningTaskInfo(var50);"
scheduleApplicationInfoChanged_ActivityManagerService_3,"ProcessList var10 = this.mProcessList;
var10.updateApplicationInfoLocked(param2,param3,var6);
ActivityThread var13 = ActivityThread.currentActivityThread();
Executor var15 = var13.getExecutor();
-$$Lambda$gATL8uvTPRd405IfefK1RL9bNqA var22 = new -$$Lambda$gATL8uvTPRd405IfefK1RL9bNqA();
var15.execute(var22);"
scheduleApplicationInfoChanged_ActivityManagerService_3,"WindowManagerService var27 = this.mWindowManager;
Object var29 = Objects.requireNonNull(var27);
-$$Lambda$5hokEl5hcign5FXeGZdl53qh2zg var30 = new -$$Lambda$5hokEl5hcign5FXeGZdl53qh2zg();
var15.execute(var30);"
registerReceiver_ActivityManagerService_8,"UserController var100 = this.mUserController;
int var103 = var100.handleIncomingUser(var92,var93,param7,1,2,registerReceiver,var94);"
registerReceiver_ActivityManagerService_8,"SparseArray var138 = this.mStickyBroadcasts;
Object var140 = var138.get(var137);
ArrayMap var141 = (ArrayMap) var140;"
updatePersistentConfiguration_ActivityManagerService_2,"var13.updatePersistentConfiguration(param2,var12);
boolean var11 = updateConfigurationLocked(param2,0,0,1,param3,0);
boolean var10 = updateConfigurationLocked(param2,param3,param4,param5,param6,param7,0);
int var14 = updateGlobalConfigurationLocked(param2,param4,param5,param6,param7);
param8.changes = var15;"
updatePersistentConfiguration_ActivityManagerService_2,"ActivityTaskManagerService var13 = this.mActivityTaskManager;
var13.updatePersistentConfiguration(param2,var12);"
startSystemLockTaskMode_ActivityManagerService_2,"ActivityTaskManagerService var3 = this.mActivityTaskManager;
var3.startSystemLockTaskMode(param2);"
startSystemLockTaskMode_ActivityManagerService_2,"RootActivityContainer var11 = this.mRootActivityContainer;
TaskRecord var14 = var11.anyTaskForId(param2,0);
ActivityStack var16 = var14.getStack();
var16.moveToFront(startSystemLockTaskMode);
moveToFront(param2,0);"
startActivity_ActivityManagerService_11,"int var14 = var12.startActivity(param2,param3,param4,param5,param6,param7,param8,param9,param10,param11);
ActivityStarter var27 = var25.obtainStarter(param4,startActivityAsUser);
ActivityStarter var29 = var27.setCaller(param2);
ActivityStarter var31 = var29.setCallingPackage(param3);
ActivityStarter var33 = var31.setResolvedType(param5);
ActivityStarter var35 = var33.setResultTo(param6);
ActivityStarter var37 = var35.setResultWho(param7);
ActivityStarter var39 = var37.setRequestCode(param8);
ActivityStarter var41 = var39.setStartFlags(param9);
ActivityStarter var43 = var41.setProfilerInfo(param10);
ActivityStarter var45 = var43.setActivityOptions(param11);"
dumpHeap_ActivityManagerService_9,"IApplicationThread var63 = var26.thread;
var63.dumpHeap(param4,param5,param6,param7,param8,param9);"
dumpHeap_ActivityManagerService_9,"UserController var5 = this.mUserController;
int var14 = var5.handleIncomingUser(var7,var9,param3,1,2,param4,0);"
requestSystemServerHeapDump_ActivityManagerService_1,"ActivityManagerService.boostPriorityForLockedSection();
startHeapDumpLocked(var15,1);"
requestSystemServerHeapDump_ActivityManagerService_1,"File var5 = DumpHeapProvider.getJavaFile();
String var6 = param2.processName;
this.mMemWatchDumpProcName = var6;
String var8 = var5.toString();
this.mMemWatchDumpFile = var8;"
getTasks_ActivityManagerService_2,"List var5 = var3.getTasks(param2);
List var5 = getFilteredTasks(param2,0,0);
RootActivityContainer var40 = this.mRootActivityContainer;
var40.getRunningTasks(param2,var33,param3,param4,var6,var39,var10,var18);"
grantUriPermission_ActivityManagerService_6,"GrantUri var9 = new GrantUri();
var37.grantUriPermission(var38,param3,var9,param5,0,var41);"
grantUriPermission_ActivityManagerService_6,"ProcessRecord var14 = getRecordForAppLocked(param2);
int var38 = var14.uid;
var37.grantUriPermission(var38,param3,var9,param5,0,var41);"
cancelTaskWindowTransition_ActivityManagerService_2,"var3.cancelTaskWindowTransition(param2);
ActivityStack var46 = getLaunchStack(0,param4,var25,param5);
boolean var50 = var25.reparent(var46,param5,var47,1,1,anyTaskForId);"
cancelTaskWindowTransition_ActivityManagerService_2,TaskRecord var41 = var39.getTask(param2);
attachApplication_ActivityManagerService_3,"ProcessRecord var14 = var12.get(param3);
int var19 = var14.startUid;
long var20 = var14.startSeq;
var21 = var20 lt param5;
String var51 = var14.processName;"
attachApplication_ActivityManagerService_3,"Object var65 = new Object(3);
arraystore 65[10] = 66;
int var67 = var14.startUid;
Integer var69 = Integer.valueOf(var67);
arraystore 65[70] = 69;
arraystore 65[71] = 60;"
getProcessesInErrorState_ActivityManagerService_1,"ProcessList var17 = this.mProcessList;
ArrayList var18 = var17.mLruProcesses;
int var20 = var18.size();
var21 = var20 sub 1;
ProcessList var22 = this.mProcessList;
ArrayList var23 = var22.mLruProcesses;
Object var25 = var23.get(var76);
ProcessRecord var26 = (ProcessRecord) var25;"
getProcessesInErrorState_ActivityManagerService_1,"int var27 = var26.userId;
boolean var29 = var26.isCrashing();
boolean var31 = var26.isNotResponding();
IApplicationThread var32 = var26.thread;
ActivityManager$ProcessErrorStateInfo var34 = var26.notRespondingReport;"
stopUser_ActivityManagerService_4,"UserController var5 = this.mUserController;
int var8 = var5.stopUser(param2,param3,param4,0);
SparseArray var5 = this.mStartedUsers;
Object var7 = var5.get(param2);
UserState var8 = (UserState) var7;
ArrayList var15 = var8.mKeyEvictedCallbacks;
boolean var17 = var15.add(param4);"
stopUser_ActivityManagerService_4,"UserController var5 = this.mUserController;
int var8 = var5.stopUser(param2,param3,param4,0);
SparseArray var5 = this.mStartedUsers;
Object var7 = var5.get(param2);
UserState var8 = (UserState) var7;
ArrayList var10 = var8.mStopCallbacks;
boolean var12 = var10.add(param3);"
setAlwaysFinish_ActivityManagerService_2,"boolean var16 = Settings$Global.putInt(var10,always_finish_activities,var14);
String var5 = Integer.toString(param3);
boolean var7 = Settings$Global.putString(this,param2,var5);"
setAlwaysFinish_ActivityManagerService_2,"int var5 = getUserId();
boolean var8 = Settings$Global.putStringForUser(this,param2,param3,0,0,var5);"
removeStack_ActivityManagerService_2,"ActivityTaskManagerService var3 = this.mActivityTaskManager;
var3.removeStack(param2);
RootActivityContainer var10 = this.mRootActivityContainer;
ActivityStack var12 = var10.getStack(param2);
ActivityStackSupervisor var19 = this.mStackSupervisor;
var19.removeStack(var12);"
unhandledBack_ActivityManagerService_1,"var11.unhandledBackLocked();
ActivityStack var13 = var11.getFocusedStack();"
unhandledBack_ActivityManagerService_1,"boolean var22 = finishActivityLocked(var18,0,0,unhandled-back,1);"
isAppStartModeDisabled_ActivityManagerService_3,"int var9 = getAppStartModeLocked(param2,param3,0,-1,0,1,0);
UidRecord var11 = this.mProcessList.getUidRecordLocked(param2);
boolean var13 = var11.idle;
int var27 = appRestrictedInBackgroundLocked(param2,param3,param4);"
isAppStartModeDisabled_ActivityManagerService_3,"PackageManagerInternal var16 = getPackageManagerInternalLocked();
boolean var20 = var16.isPackageEphemeral(var18,param3);"
getFocusedStackInfo_ActivityManagerService_1,"ActivityManager$StackInfo var4 = this.mActivityTaskManager.getFocusedStackInfo();
long var6 = Binder.clearCallingIdentity();
WindowManagerGlobalLock var7 = this.mGlobalLock;
WindowManagerService.boostPriorityForLockedSection();
ActivityStack var10 = getTopDisplayFocusedStack();
RootActivityContainer var14 = this.mRootActivityContainer;
int var15 = var10.mStackId;
ActivityManager$StackInfo var17 = var14.getStackInfo(var15);"
revokeUriPermission_ActivityManagerService_6,"ProcessRecord var11 = getRecordForAppLocked(param2);
IBinder var8 = asBinder();
IApplicationThread var26 = var25.thread;
IApplicationThread var27 = var25.thread;"
revokeUriPermission_ActivityManagerService_6,"SparseArray var19 = (SparseArray) var18;
Object var24 = var19.valueAt(var34);
ProcessRecord var25 = (ProcessRecord) var24;"
removeTask_ActivityManagerService_2,"ActivityTaskManagerService var3 = this.mActivityTaskManager;
boolean var5 = var3.removeTask(param2);
ActivityStackSupervisor var10 = this.mStackSupervisor;
boolean var14 = var10.removeTaskByIdLocked(param2,1,1,remove-task);"
removeTask_ActivityManagerService_2,"RootActivityContainer var7 = this.mRootActivityContainer;
TaskRecord var10 = var7.anyTaskForId(param2,1);
var10.removeTaskActivitiesLocked(param5,param6);
cleanUpRemovedTaskLocked(var10,param3,param4);"
publishService_ActivityManagerService_4,"ServiceRecord var18 = (ServiceRecord) param2;
var17.publishServiceLocked(var18,param3,param4);
return; // implicit"
publishService_ActivityManagerService_4,"ArrayMap var50 = param2.bindings;
var50.clear();"
setProcessLimit_ActivityManagerService_2,"var7.setOverrideMaxCachedProcesses(param2);
this.mOverrideMaxCachedProcesses = param2;
updateMaxCachedProcesses();"
setProcessLimit_ActivityManagerService_2,"String var5 = DeviceConfig.getProperty(activity_manager,max_cached_processes);
int var13 = Integer.parseInt(var5);
this.CUR_MAX_CACHED_PROCESSES = var30;"
registerUidObserver_ActivityManagerService_5,"RemoteCallbackList var15 = this.mUidObservers;
ActivityManagerService$UidObserverRegistration var16 = new ActivityManagerService$UidObserverRegistration();
int var18 = Binder.getCallingUid();
boolean var21 = var15.register(param2,var16);"
registerUidObserver_ActivityManagerService_5,"Process.setThreadPriority(var12,var13);
var5.prevPriority = var10;
int var19 = var5.regionCounter;
var21 = var19 add 1;
var5.regionCounter = var21;"
unbindService_ActivityManagerService_2,"boolean var6 = var4.unbindServiceLocked(param2);
removeConnectionLocked(var18,0,0);
boolean var17 = var14.remove(param2);
var9.removeConnection(var7);
stopAssociation();
ActivityServiceConnectionsHolder var29 = param2.activity;
var29.removeConnection(param2);
ProcessRecord var33 = var8.client;
ProcessRecord var35 = var8.client;
boolean var38 = var36.remove(param2);
updateWhitelistManagerLocked(var52);"
getLifeMonitor_ActivityManagerService_1,"ParcelFileDescriptor var11 = ParcelFileDescriptor.createPipe();
this.mLifeMonitorFds = var11;
ParcelFileDescriptor var18 = var16.dup();"
getLifeMonitor_ActivityManagerService_1,"Process.setThreadPriority(var12,var13);
var5.prevPriority = var10;"
cancelRecentsAnimation_ActivityManagerService_2,"ActivityTaskManagerService var3 = this.mActivityTaskManager;
var3.cancelRecentsAnimation(param2);
WindowManagerService var13 = this.mWindowManager;
var13.cancelRecentsAnimationSynchronously(var16,var25);
RecentsAnimationController var4 = this.mRecentsAnimationController;
var4.cancelAnimationSynchronously(param2,param3);
cancelAnimation(param2,1,0,param3);"
setPersistentVrThread_ActivityManagerService_2,"var3.setPersistentVrThread(param2);
var43.setPersistentVrThreadLocked(param2,var39,var42);"
setPersistentVrThread_ActivityManagerService_2,"int var12 = setPersistentVrRenderThreadLocked(param2,0);
boolean var5 = hasPersistentVrFlagSet();
int var8 = updateVrRenderThreadLocked(param2,param3);"
stopAppSwitches_ActivityManagerService_1,"ActivityTaskManagerService var2 = this.mActivityTaskManager;
var2.stopAppSwitches();
this.mDidAppSwitch = 0;
ActivityStartController var15 = getActivityStartController();
var15.schedulePendingActivityLaunches(5000);"
stopAppSwitches_ActivityManagerService_1,"long var8 = SystemClock.uptimeMillis();
var10 = var8 add 5000;
this.mAppSwitchesAllowedTime = var10;"
getTaskSnapshot_ActivityManagerService_3,"ActivityManager$TaskSnapshot var6 = var4.getTaskSnapshot(param2,param3);
ActivityManager$TaskSnapshot var11 = getTaskSnapshot(param2,param3,1);
ActivityManager$TaskSnapshot var14 = var10.getSnapshot(param3,param4);
ActivityManager$TaskSnapshot var9 = var5.getTaskSnapshot(var6,var7,param2,param3);"
getRunningServiceControlPanel_ActivityManagerService_2,"PendingIntent var8 = var6.getRunningServiceControlPanelLocked(param2);
return var8;"
getRunningServiceControlPanel_ActivityManagerService_2,"ActiveServices$ServiceMap var8 = new ActiveServices$ServiceMap();
SparseArray var14 = this.mServiceMap;
var14.put(param2,var8);"
registerProcessObserver_ActivityManagerService_2,"RemoteCallbackList var7 = this.mProcessObservers;
boolean var9 = var7.register(param2);
return;"
registerProcessObserver_ActivityManagerService_2,"ThreadPriorityBooster var1 = sThreadPriorityBooster;
this.boost();
Object var4 = var2.get();
ThreadPriorityBooster$PriorityState var5 = (ThreadPriorityBooster$PriorityState) var4;
int var6 = var5.regionCounter;
int var8 = var5.tid;
Process.setThreadPriority(var12,var13);"
serviceDoneExecuting_ActivityManagerService_5,"ActiveServices var24 = this.mServices;
ServiceRecord var25 = (ServiceRecord) param2;
var24.serviceDoneExecutingLocked(var25,param3,param4,param5);"
serviceDoneExecuting_ActivityManagerService_5,"ProcessRecord var10 = param2.app;
ProcessRecord var11 = param2.app;
var11.execServicesFg = 0;"
stopServiceToken_ActivityManagerService_4,"ServiceRecord var8 = findServiceLocked(param2,param3,var6);
ServiceRecord$StartItem var11 = var8.findDeliveredStart(param4,0,0);
ArrayList var12 = var8.deliveredStarts;
Object var17 = var15.remove(0);
ServiceRecord$StartItem var18 = (ServiceRecord$StartItem) var17;
var18.removeUriPermissionsLocked();"
stopServiceToken_ActivityManagerService_4,"BatteryStatsImpl$Uid$Pkg$Serv var68 = var8.stats;
BatteryStatsImpl var70 = var68.getBatteryStats();
BatteryStatsImpl$Uid$Pkg$Serv var71 = var8.stats;
var71.stopRunningLocked();"
hang_ActivityManagerService_3,"ThreadPriorityBooster$PriorityState var5 = (ThreadPriorityBooster$PriorityState) var4;
int var6 = var5.regionCounter;
var8 = var6 add -1;
var5.regionCounter = var8;
Process.setThreadPriority(var13, var14);
var5.prevPriority = 2147483647;"
hang_ActivityManagerService_3,"ThreadPriorityBooster$PriorityState var5 = (ThreadPriorityBooster$PriorityState) var4;
int var6 = var5.regionCounter;
int var8 = var5.tid;
int var10 = Process.getThreadPriority(var8);
var21 = var19 add 1;
var5.regionCounter = var21;"
setPackageScreenCompatMode_ActivityManagerService_3,"var4.setPackageScreenCompatMode(param2,param3);
var10.setPackageScreenCompatModeLocked(param2,param3);"
setPackageScreenCompatMode_ActivityManagerService_3,"ApplicationInfo var8 = var6.getApplicationInfo(param2,0,0);
setPackageScreenCompatModeLocked(var10,param3);"
backgroundWhitelistUid_ActivityManagerService_2,"int var4 = Binder.getCallingUid();
ActivityManagerService.boostPriorityForLockedSection();
this.mBackgroundAppIdWhitelist = var14;"
backgroundWhitelistUid_ActivityManagerService_2,"Process.setThreadPriority(var12, var13);
var5.prevPriority = var10;
var5.regionCounter = var21;"
crashApplication_ActivityManagerService_7,"AppErrors var41 = this.mAppErrors;
var41.scheduleAppCrashLocked(param2,param3,param4,param5,param6,param7);
IApplicationThread var11 = this.thread;
var11.scheduleCrash(param2);"
crashApplication_ActivityManagerService_7,"ProcessRecord var18 = var16.valueAt(var33);
int var19 = var18.uid;
int var20 = var18.pid;"
backupAgentCreated_ActivityManagerService_4,"var32.agentConnectedForUser(var14,param2,param3);
BackupManagerService var8 = this.mService;
var8.agentConnected(param2,param3,param4);
UserBackupManagerService var7 = getServiceForUserIfCallerHasPermission(param2,agentConnected());
var7.agentConnected(param3,param4);"
backupAgentCreated_ActivityManagerService_4,this.mConnectedAgent = var42;
isTopActivityImmersive_ActivityManagerService_1,"boolean var4 = var2.isTopActivityImmersive();
ActivityRecord var9 = var7.topRunningActivityLocked();
boolean var11 = var9.immersive;"
getMemoryTrimLevel_ActivityManagerService_1,"int var10 = Process.getThreadPriority(var8);
Process.setThreadPriority(var13, var14);"
getMemoryTrimLevel_ActivityManagerService_1,"var5.regionCounter = var21;
var5.regionCounter = var8;"
setRenderThread_ActivityManagerService_2,"int var13 = var11.renderThreadTid;
var11.renderThreadTid = param2;
Process.setThreadPriority(var23,-10);"
setRenderThread_ActivityManagerService_2,"int var6 = var5.regionCounter;
var8 = var6 add -1;
var5.regionCounter = var8;
int var9 = var5.regionCounter;
int var11 = var5.prevPriority;
int var13 = var5.tid;
Process.setThreadPriority(var13,var14);
var5.prevPriority = 2147483647;"
getUidProcessState_ActivityManagerService_3,"int var15 = var13.getUidProcStateLocked(param2);
ProcessList var13 = this.mProcessList;"
getUidProcessState_ActivityManagerService_3,"int var10 = Process.getThreadPriority(var8);
int var11 = this.mBoostToPriority;
int var12 = var5.tid;
int var13 = this.mBoostToPriority;
Process.setThreadPriority(var12,var13);"
suppressResizeConfigChanges_ActivityManagerService_2,"ActivityTaskManagerService var3 = this.mActivityTaskManager;
var3.suppressResizeConfigChanges(param2);
this.mSuppressResizeConfigChanges = param2;"
suppressResizeConfigChanges_ActivityManagerService_2,"WindowManagerGlobalLock var7 = this.mGlobalLock;
WindowManagerService.boostPriorityForLockedSection();
WindowManagerService.resetPriorityAfterLockedSection();"
setActivityController_ActivityManagerService_3,"var4.setActivityController(param2,param3);
this.mController = param2;
this.mControllerIsAMonkey = param3;"
setActivityController_ActivityManagerService_3,var11.setActivityController(param2);
getPackageProcessState_ActivityManagerService_3,"ProcessList var14 = this.mProcessList;
ArrayList var15 = var14.mLruProcesses;
int var17 = var15.size();
Object var23 = var21.get(var43);
ProcessRecord var24 = (ProcessRecord) var23;"
setDumpHeapDebugLimit_ActivityManagerService_5,"Process.setThreadPriority(var12,var13);
var5.prevPriority = var10;"
setDumpHeapDebugLimit_ActivityManagerService_5,"Object var94 = var88.put(var73,var72,var89);
Object var15 = var13.put(param2,var10);"
setAgentApp_ActivityManagerService_3,"Object var45 = var43.remove(param2);
Map var46 = this.mAppAgentMap;
boolean var48 = var46.isEmpty();"
setAgentApp_ActivityManagerService_3,"int var9 = var5.regionCounter;
int var11 = var5.prevPriority;
int var13 = var5.tid;
Process.setThreadPriority(var13,var14);
var5.prevPriority = 2147483647;"
addPackageDependency_ActivityManagerService_2,"ProcessRecord var13 = var9.get(var11);
ArraySet var19 = var13.pkgDeps;
var13.pkgDeps = new ArraySet();
boolean var28 = var26.add(param2);"
addPackageDependency_ActivityManagerService_2,"ThreadPriorityBooster$PriorityState var5 = (ThreadPriorityBooster$PriorityState) var4;
int var6 = var5.regionCounter;
var8 = var6 add -1;
var5.regionCounter = var8;"
isUidActive_ActivityManagerService_3,"int var10 = Process.getThreadPriority(var8);
Process.setThreadPriority(var12,var13);"
isUidActive_ActivityManagerService_3,var5.regionCounter = var21;
switchUser_ActivityManagerService_2,"UserController var3 = this.mUserController;
boolean var5 = var3.switchUser(param2);"
switchUser_ActivityManagerService_2,"UserInfo var8 = getUserInfo(param2);
boolean var12 = var8.supportsSwitchTo();
boolean var14 = var8.isManagedProfile();"
signalPersistentProcesses_ActivityManagerService_2,"Process.sendSignal(var29,param2);
int var29 = var25.pid;"
signalPersistentProcesses_ActivityManagerService_2,"Process.setThreadPriority(var13,var14);
int var13 = var5.tid;
int var14 = var5.prevPriority;"
restartUserInBackground_ActivityManagerService_2,"UserController var3 = this.mUserController;
int var6 = var3.restartUser(param2,0);
UserController$3 var4 = new UserController$3();
int var9 = stopUser(param2,1,0,var4);
int var54 = stopUsersLU(param2,param3,param4,param5);"
restartUserInBackground_ActivityManagerService_2,"[I var10 = getUsersToStopLU(param2);
11 = arraylength 10;
12 = arrayload 10[17];
stopSingleUserLU(param2,param4,param5);"
finishInstrumentation_ActivityManagerService_4,"finishInstrumentationLocked(var17,param3,param4);
Bundle var10 = var6.mCurResults;
var10.putAll(param4);
reportFinished(var16,var17,param3,var13);"
finishInstrumentation_ActivityManagerService_4,"IUiAutomationConnection var21 = var6.mUiAutomationConnection;
Message var31 = var27.obtainMessage(56,var29);
var31.sendToTarget();"
resumeAppSwitches_ActivityManagerService_1,"var2.resumeAppSwitches();
this.mAppSwitchesAllowedTime = 0;"
resumeAppSwitches_ActivityManagerService_1,"WindowManagerService.boostPriorityForLockedSection();
WindowManagerService.resetPriorityAfterLockedSection();"
isUserAMonkey_ActivityManagerService_1,"boolean var3 = this.mUserIsMonkey;
ActivityTaskManagerService var5 = this.mActivityTaskManager;
boolean var7 = var5.isControllerAMonkey();
IActivityController var4 = this.mController;
boolean var6 = this.mControllerIsAMonkey;"
stopBinderTrackingAndDump_ActivityManagerService_2,"FastPrintWriter var14 = new FastPrintWriter();
FileOutputStream var15 = new FileOutputStream();
FileDescriptor var17 = getFileDescriptor();
var14.println(Binder transaction traces for all processes<PATH_SEP>"
checkUriPermission_ActivityManagerService_7,"ActivityManagerService$Identity var13 = (ActivityManagerService$Identity) var12;
int var16 = var13.uid;
int var17 = var13.pid;
IBinder var15 = var13.token;"
checkUriPermission_ActivityManagerService_7,GrantUri var22 = new GrantUri();
refContentProvider_ActivityManagerService_4,"var30 = var29 add param3;
var5.numStableIncs = var30;
int var31 = var5.stableCount;
var32 = param3 add var31;
var60 = var32 add var48;
var5.stableCount = var32;"
refContentProvider_ActivityManagerService_4,"var45 = var44 add param4;
var5.numUnstableIncs = var45;
int var47 = var5.unstableCount;
var48 = param4 add var47;
var60 = var32 add var48;
var5.unstableCount = var48;"
setProcessMemoryTrimLevel_ActivityManagerService_4,"int var14 = var5.handleIncomingUser(var7,var9,param3,1,2,param4,0);
int var16 = Integer.parseInt(param2);
ProcessRecord var20 = var18.get(var16);
Object var44 = var42.get(param2);
SparseArray var45 = (SparseArray) var44;
ProcessRecord var50 = (ProcessRecord) var49;
int var52 = var50.userId;"
setUserIsMonkey_ActivityManagerService_2,"this.mUserIsMonkey = param2;
var9 = var7.get(var6);
ActiveInstrumentation var23 = var9.getActiveInstrumentation();
IUiAutomationConnection var26 = var25.mUiAutomationConnection;"
setUserIsMonkey_ActivityManagerService_2,"Process.setThreadPriority(var13,var14);"
handleApplicationStrictModeViolation_ActivityManagerService_4,"var52.obj = var54;
Handler var65 = this.mUiHandler;
boolean var67 = var65.sendMessage(var52);"
handleApplicationStrictModeViolation_ActivityManagerService_4,"AppErrorResult var46 = new AppErrorResult();
var58 = var54.put(result,var46);"
killApplication_ActivityManagerService_5,"ActivityManagerService$MainHandler var25 = this.mHandler;
Message var28 = var25.obtainMessage(22);
var28.arg1 = param3;
var28.arg2 = param4;
Bundle var29 = new Bundle();
var29.putString(pkg,param2);
var29.putString(reason,param5);
var28.obj = var29;"
requestTelephonyBugReport_ActivityManagerService_3,"SystemProperties.set(dumpstate.options.description,param3);
SystemProperties.set(dumpstate.options.title,param2);"
requestTelephonyBugReport_ActivityManagerService_3,"requestBugReportWithDescription(param2,param3,4);
requestBugReport(param4);"
getLaunchedFromUid_ActivityManagerService_2,"ActivityRecord var6 = ActivityRecord.forTokenLocked(param2);
int var5 = var3.getLaunchedFromUid(param2);"
dumpHeapFinished_ActivityManagerService_2,"ThreadPriorityBooster var1 = sThreadPriorityBooster;
this.reset();
Object var4 = var2.get();
ThreadPriorityBooster$PriorityState var5 = (ThreadPriorityBooster$PriorityState) var4;
int var6 = var5.regionCounter;
var8 = var6 add -1;
var5.regionCounter = var8;"
addInstrumentationResults_ActivityManagerService_3,"int var5 = UserHandle.getCallingUserId();
ProcessRecord var16 = getRecordForAppLocked(param2);
IApplicationThread var26 = var25.thread;
IBinder var29 = var27.asBinder();"
setTaskResizeable_ActivityManagerService_3,"var4.setTaskResizeable(param2,param3);
TaskRecord var9 = var6.anyTaskForId(param2,1);
TaskRecord var6 = anyTaskForId(param2,param3,0,0);"
setTaskResizeable_ActivityManagerService_3,"ActivityStack var23 = var18.getChildAt(var28);
TaskRecord var25 = var23.taskForIdLocked(param2);
boolean var50 = var25.reparent(var46,param5,var47,1,1,anyTaskForId);"
finishActivity_ActivityManagerService_5,"ActivityRecord var15 = ActivityRecord.isInStackLocked(param2);
TaskRecord var18 = var15.getTaskRecord();
ActivityRecord var20 = var18.getRootActivity();"
finishActivity_ActivityManagerService_5,boolean var31 = var29.activityBlockedFromFinish(var15);
getTagForIntentSender_ActivityManagerService_3,"param2.lastTagPrefix = param3;
var12 = var10.equals(param3);
String var9 = getTagForIntentSenderLocked(var6,param3);"
getTagForIntentSender_ActivityManagerService_3,"ComponentName var29 = var5.getComponent();
var29.appendShortString(var14);
param2.lastTag = var39;"
updateServiceGroup_ActivityManagerService_4,"ProcessRecord var38 = var33.app;
var42.connectionService = 0;
var43.connectionGroup = 0;
var44.connectionImportance = 0;"
updateServiceGroup_ActivityManagerService_4,"ActiveServices var6 = this.mServices;
var6.updateServiceGroupLocked(param2,param3,param4);"
getTaskForActivity_ActivityManagerService_3,"int var6 = var4.getTaskForActivity(param2,param3);
int var7 = ActivityRecord.getTaskForActivityLocked(param2,param3);
TaskRecord var7 = var4.task;
ArrayList var8 = var7.mActivities;
int var10 = var8.indexOf(var4);
int var12 = var7.findEffectiveRootIndex();"
showWaitingForDebugger_ActivityManagerService_3,"IApplicationThread var26 = var25.thread;
IApplicationThread var27 = var25.thread;
IBinder var29 = var27.asBinder();"
getConfiguration_ActivityManagerService_1,"Configuration var4 = var2.getConfiguration();
Configuration var6 = getGlobalConfigurationForCallingPid();
Configuration var5 = getGlobalConfigurationForPid(var3);
Configuration var11 = getGlobalConfiguration();"
getConfiguration_ActivityManagerService_1,WindowProcessController var9 = var7.getProcess(param2);
enterSafeMode_ActivityManagerService_1,"IPackageManager var6 = AppGlobals.getPackageManager();
var6.enterSafeMode();"
enterSafeMode_ActivityManagerService_1,"ThreadPriorityBooster$PriorityState var5 = (ThreadPriorityBooster$PriorityState) var4;
int var8 = var6 add -1;
var5.regionCounter = var8;"
getForegroundServiceType_ActivityManagerService_3,"ActiveServices var5 = this.mServices;
int var7 = var5.getForegroundServiceTypeLocked(param2,param3);
ActivityManagerService.resetPriorityAfterLockedSection();"
getForegroundServiceType_ActivityManagerService_3,"ThreadLocal var2 = this.mThreadState;
Object var4 = var2.get();
ThreadPriorityBooster$PriorityState var5 = (ThreadPriorityBooster$PriorityState) var4;
int var6 = var5.regionCounter;
var8 = var6 add -1;
var5.regionCounter = var8;
int var9 = var5.regionCounter;
Process.setThreadPriority(var13,var14);"
unregisterProcessObserver_ActivityManagerService_2,"int var6 = var5.regionCounter;
var8 = var6 add -1;
var5.regionCounter = var8;
Process.setThreadPriority(var13,var14);
var5.prevPriority = 2147483647;"
getIntentForIntentSender_ActivityManagerService_2,"PendingIntentRecord var8 = (PendingIntentRecord) param2;
PendingIntentRecord$Key var9 = var8.key;
Intent var10 = var9.requestIntent;
Intent var11 = new Intent();
Intent var13 = var12.requestIntent;"
getProcessLimit_ActivityManagerService_1,"int var5 = var3.getOverrideMaxCachedProcesses();
Object var4 = var2.get();
ThreadPriorityBooster$PriorityState var5 = (ThreadPriorityBooster$PriorityState) var4;
var8 = var6 add -1;
var5.regionCounter = var8;
int var9 = var5.regionCounter;
Process.setThreadPriority(var13,var14);"
isTopOfTask_ActivityManagerService_2,"boolean var5 = var3.isTopOfTask(param2);
TaskRecord var9 = var6.getTaskRecord();
ActivityRecord var11 = var9.getTopActivity();
ActivityRecord var4 = getTopActivity(1);
Object var11 = var9.get(var17);
ActivityRecord var12 = (ActivityRecord) var11;
boolean var13 = var12.finishing;
boolean var14 = var12.mTaskOverlay;"
getMemoryInfo_ActivityManagerService_2,"param2.availMem = var10;
param2.totalMem = var12;
param2.threshold = var5;
param2.lowMemory = var21;
param2.hiddenAppThreshold = var8;
param2.secondaryServerThreshold = var24;
param2.visibleAppThreshold = var27;
param2.foregroundAppThreshold = var29;"
getMemoryInfo_ActivityManagerService_2,var3.getMemoryInfo(param2);
isVrModePackageEnabled_ActivityManagerService_2,"Object var7 = LocalServices.getService(var5);
VrManagerInternal var8 = (VrManagerInternal) var7;
int var10 = UserHandle.getCallingUserId();"
unregisterTaskStackListener_ActivityManagerService_2,"var3.unregisterTaskStackListener(param2);
var6.unregisterTaskStackListener(param2);"
unregisterTaskStackListener_ActivityManagerService_2,"ArrayList var12 = this.mLocalTaskStackListeners;
boolean var14 = var12.remove(param2);"
unregisterUidObserver_ActivityManagerService_2,"Process.setThreadPriority(var12,var13);
var5.prevPriority = var10;
var5.regionCounter = var21;"
restart_ActivityManagerService_1,"ActivityManagerService$16 var13 = new ActivityManagerService$16();
Intent var15 = new Intent();
Intent var20 = var15.addFlags(268435456);
Intent var24 = var15.putExtra(android.intent.extra.SHUTDOWN_USERSPACE_ONLY,1);
var13.onReceive(var25,var15);"
unregisterIntentSenderCancelListener_ActivityManagerService_3,"PendingIntentRecord var7 = (PendingIntentRecord) param2;
var7.unregisterCancelListenerLocked(param3);"
unregisterIntentSenderCancelListener_ActivityManagerService_3,"RemoteCallbackList var3 = this.mCancelCallbacks;
boolean var6 = var3.unregister(param2);
int var9 = var7.getRegisteredCallbackCount();"
getLockTaskModeState_ActivityManagerService_1,"int var4 = var2.getLockTaskModeState();
int var7 = var5.getLockTaskModeState();"
getLockTaskModeState_ActivityManagerService_1,"WindowManagerService.boostPriorityForLockedSection();
WindowManagerService.resetPriorityAfterLockedSection();"
getLaunchedFromPackage_ActivityManagerService_2,"ActivityTaskManagerService var3 = this.mActivityTaskManager;
String var5 = var3.getLaunchedFromPackage(param2);
WindowManagerGlobalLock var3 = this.mGlobalLock;
WindowManagerService.boostPriorityForLockedSection();
ActivityRecord var6 = ActivityRecord.forTokenLocked(param2);"
registerIntentSenderCancelListener_ActivityManagerService_3,"PendingIntentController var4 = this.mPendingIntentController;
var4.registerIntentSenderCancelListener(param2,param3);
PendingIntentRecord var7 = (PendingIntentRecord) param2;
var7.registerCancelListenerLocked(param3);"
isInLockTaskMode_ActivityManagerService_1,"boolean var4 = var2.isInLockTaskMode();
int var3 = getLockTaskModeState();
int var7 = var5.getLockTaskModeState();"
isBackgroundRestricted_ActivityManagerService_2,"int var4 = Binder.getCallingUid();
IPackageManager var7 = IPackageManager$Stub.asInterface(var5);
var7.sPackageManager = var7;"
appNotRespondingViaProvider_ActivityManagerService_2,"ActivityManagerService$MainHandler var11 = this.mHandler;
boolean var15 = var11.post(var12);"
appNotRespondingViaProvider_ActivityManagerService_2,"ContentProviderRecord var9 = var6.provider;
ProcessRecord var10 = var9.proc;"
isUserRunning_ActivityManagerService_3,"int var6 = UserHandle.getCallingUserId();
UserController var45 = this.mUserController;"
isIntentSenderTargetedToPackage_ActivityManagerService_2,"PendingIntentRecord$Key var6 = var5.key;
Intent var7 = var6.allIntents;"
isIntentSenderAForegroundService_ActivityManagerService_2,"PendingIntentRecord var5 = (PendingIntentRecord) param2;
PendingIntentRecord$Key var6 = var5.key;
int var7 = var6.type;"
isIntentSenderABroadcast_ActivityManagerService_2,"PendingIntentRecord var5 = (PendingIntentRecord) param2;
PendingIntentRecord$Key var6 = var5.key;"
isIntentSenderAnActivity_ActivityManagerService_2,"PendingIntentRecord$Key var7 = var5.key;
int var8 = var7.type;"
notifyLockedProfile_ActivityManagerService_2,"ActivityTaskManagerInternal var3 = this.mAtmInternal;
UserController var4 = this.mUserController;
int var6 = var4.getCurrentUserId();
var3.notifyLockedProfile(param2,var6);"
notifyCleartextNetwork_ActivityManagerService_3,"ActivityManagerService$MainHandler var4 = this.mHandler;
Message var8 = var4.obtainMessage(49,param2,0,param3);
var8.sendToTarget();"
handleIncomingUser_ActivityManagerService_8,"UserController var9 = this.mUserController;
int var14 = var9.handleIncomingUser(param2,param3,param4,param5,var12,param7,param8);"
registerTaskStackListener_ActivityManagerService_2,"ActivityTaskManagerService var3 = this.mActivityTaskManager;
var3.registerTaskStackListener(param2);"
noteAlarmFinish_ActivityManagerService_5,boolean var8 = isEmpty();
