"Class","Method","Depth","Trace Instruction(s) ...","Java Code Representation","Code Merged","Access Control Level"
"Lcom/android/server/media/MediaResourceMonitorService$MediaResourceMonitorImpl","notifyResourceGranted(II)V","0","5 = invokestatic < Application, Lcom/android/server/media/MediaResourceMonitorService, -$$Nest$sfgetDEBUG()Z > @0 exception:4,
conditional branch(eq, to iindex=-1) 5,6,
7 = new <Application,Ljava/lang/StringBuilder>@6,
invokespecial < Application, Ljava/lang/StringBuilder, <init>()V > 7 @8 exception:8,
11 = invokevirtual < Application, Ljava/lang/StringBuilder, append(Ljava/lang/String;)Ljava/lang/StringBuilder; > 7,9 @14 exception:10,
13 = invokevirtual < Application, Ljava/lang/StringBuilder, append(I)Ljava/lang/StringBuilder; > 7,2 @17 exception:12,
16 = invokevirtual < Application, Ljava/lang/StringBuilder, append(Ljava/lang/String;)Ljava/lang/StringBuilder; > 7,14 @22 exception:15,
18 = invokevirtual < Application, Ljava/lang/StringBuilder, append(I)Ljava/lang/StringBuilder; > 7,3 @25 exception:17,
21 = invokevirtual < Application, Ljava/lang/StringBuilder, append(Ljava/lang/String;)Ljava/lang/StringBuilder; > 7,19 @30 exception:20,
23 = invokevirtual < Application, Ljava/lang/StringBuilder, toString()Ljava/lang/String; > 7 @33 exception:22,
26 = invokestatic < Application, Landroid/util/Log, d(Ljava/lang/String;Ljava/lang/String;)I > 24,23 @39 exception:25,
31 = invokestatic < Application, Landroid/os/Binder, clearCallingIdentity()J > @42 exception:30,
33 = invokevirtual < Application, Lcom/android/server/media/MediaResourceMonitorService$MediaResourceMonitorImpl, getPackageNamesFromPid(I)[Ljava/lang/String; > 1,2 @46 exception:32,
conditional branch(ne, to iindex=-1) 33,6,
34 = getfield < Application, Lcom/android/server/media/MediaResourceMonitorService$MediaResourceMonitorImpl, this$0, <Application,Lcom/android/server/media/MediaResourceMonitorService> > 1,
36 = invokevirtual < Application, Lcom/android/server/SystemService, getContext()Landroid/content/Context; > 34 @58 exception:35,
38 = invokestatic < Application, Landroid/app/ActivityManager, getCurrentUser()I > @62 exception:37,
40 = invokestatic < Application, Landroid/os/UserHandle, of(I)Landroid/os/UserHandle; > 38 @66 exception:39,
42 = invokevirtual < Application, Landroid/content/Context, createContextAsUser(Landroid/os/UserHandle;I)Landroid/content/Context; > 36,40,6 @71 exception:41,
43 = load_metadata: <Application,Landroid/os/UserManager>, <Primordial,Ljava/lang/Class>,
45 = invokevirtual < Application, Landroid/content/Context, getSystemService(Ljava/lang/Class;)Ljava/lang/Object; > 42,43 @77 exception:44,
46 = checkcast <Application,Landroid/os/UserManager>45 <Application,Landroid/os/UserManager>,
48 = invokevirtual < Application, Landroid/os/UserManager, getEnabledProfiles()Ljava/util/List; > 46 @83 exception:47,
50 = invokeinterface < Application, Ljava/util/List, isEmpty()Z > 48 @87 exception:49,
conditional branch(eq, to iindex=-1) 50,6,
51 = new <Application,Landroid/content/Intent>@97,
invokespecial < Application, Landroid/content/Intent, <init>(Ljava/lang/String;)V > 51,52 @101 exception:53,
56 = invokevirtual < Application, Landroid/content/Intent, putExtra(Ljava/lang/String;[Ljava/lang/String;)Landroid/content/Intent; > 51,54,33 @106 exception:55,
59 = invokevirtual < Application, Landroid/content/Intent, putExtra(Ljava/lang/String;I)Landroid/content/Intent; > 51,57,3 @111 exception:58,
61 = invokeinterface < Application, Ljava/util/List, iterator()Ljava/util/Iterator; > 48 @114 exception:60,
63 = invokeinterface < Application, Ljava/util/Iterator, hasNext()Z > 61 @118 exception:62,
conditional branch(eq, to iindex=-1) 63,6,
invokestatic < Application, Landroid/os/Binder, restoreCallingIdentity(J)V > 31 @142 exception:77,
return,","depth : 0
-----
","public void notifyResourceGranted(int p1, int p2){
	Context v13 = this.this$0.getContext();
	int v14 = ActivityManager.getCurrentUser();
	UserHandle v15 = UserHandle.of(v14);
	Context v16 = v13.createContextAsUser(v15, 0);
	Object v17 = v16.getSystemService(UserManage.class);
	List v18 = v17.getEnabledProfiles();
	boolean v19 = v18.isEmpty();
	if (v19 == 0) {
		Intent v20 = new Intent(""android.intent.action.MEDIA_RESOURCE_GRANTED"");
		Intent v22 = v20.putExtra(""android.intent.extra.PACKAGES"", v12);
		Intent v23 = v20.putExtra(""android.intent.extra.MEDIA_RESOURCE_TYPE"", p2);
		Iterator v24 = v18.iterator();
		boolean v25 = v24.hasNext();
		if (v25 == 0) {
			Binder.restoreCallingIdentity(v11);
			return;
		}
	}
}
","NONE"

